file,time,class,n_valid_pixels,n_disagree_pixels,fraction_disagree_all_pixels,n_either_positive,n_both_positive,fraction_agreement_given_positive_union,fraction_disagreement_given_positive_union
2017-01-03T16:00:00.000000000.nc,2017-01-03T16:00:00.000000000,Atmospheric River (AR),1038240,38775,0.03734685621821544,56008,17233,0.30768818740179976,0.6923118125982003
2017-01-05T20:00:00.000000000.nc,2017-01-05T20:00:00.000000000,Atmospheric River (AR),1038240,48439,0.04665491601171213,101552,53113,0.5230128407121475,0.4769871592878525
2017-01-06T08:00:00.000000000.nc,2017-01-06T08:00:00.000000000,Atmospheric River (AR),1038240,56424,0.054345815996301436,78393,21969,0.2802418583291876,0.7197581416708124
2017-01-07T05:00:00.000000000.nc,2017-01-07T05:00:00.000000000,Atmospheric River (AR),1038240,41725,0.0401882031129604,78826,37101,0.470669576028214,0.529330423971786
2017-01-07T09:00:00.000000000.nc,2017-01-07T09:00:00.000000000,Atmospheric River (AR),1038240,43561,0.04195658036677454,76442,32881,0.43014311504146935,0.5698568849585306
2017-01-12T09:00:00.000000000.nc,2017-01-12T09:00:00.000000000,Atmospheric River (AR),1038240,45191,0.04352654492217599,71087,25896,0.3642860157272075,0.6357139842727925
2017-01-18T16:00:00.000000000.nc,2017-01-18T16:00:00.000000000,Atmospheric River (AR),1038240,36097,0.03476749113885036,69808,33711,0.48291026816410726,0.5170897318358927
2017-01-22T17:00:00.000000000.nc,2017-01-22T17:00:00.000000000,Atmospheric River (AR),1038240,60105,0.057891239019879796,82332,22227,0.26996793470339603,0.730032065296604
2017-01-23T19:00:00.000000000.nc,2017-01-23T19:00:00.000000000,Atmospheric River (AR),1038240,29728,0.028633071351517953,57061,27333,0.47901368710678044,0.5209863128932195
2017-01-25T22:00:00.000000000.nc,2017-01-25T22:00:00.000000000,Atmospheric River (AR),1038240,60588,0.05835644937586685,83422,22834,0.2737167653616552,0.7262832346383448
2017-01-26T04:00:00.000000000.nc,2017-01-26T04:00:00.000000000,Atmospheric River (AR),1038240,27590,0.026573817229157037,47762,20172,0.42234412294292534,0.5776558770570747
2017-01-26T05:00:00.000000000.nc,2017-01-26T05:00:00.000000000,Atmospheric River (AR),1038240,51093,0.04921116504854369,80190,29097,0.36285072951739616,0.6371492704826038
2017-01-26T10:00:00.000000000.nc,2017-01-26T10:00:00.000000000,Atmospheric River (AR),1038240,50861,0.04898770997071968,92054,41193,0.44748734438481763,0.5525126556151824
2017-01-26T18:00:00.000000000.nc,2017-01-26T18:00:00.000000000,Atmospheric River (AR),1038240,33510,0.03227577438742487,60541,27031,0.4464908078822616,0.5535091921177384
2017-01-27T18:00:00.000000000.nc,2017-01-27T18:00:00.000000000,Atmospheric River (AR),1038240,45316,0.043646940977038064,74977,29661,0.3956013177374395,0.6043986822625605
2017-01-29T07:00:00.000000000.nc,2017-01-29T07:00:00.000000000,Atmospheric River (AR),1038240,64375,0.062003968253968256,100919,36544,0.362112188983244,0.637887811016756
2017-01-31T22:00:00.000000000.nc,2017-01-31T22:00:00.000000000,Atmospheric River (AR),1038240,18936,0.01823855755894591,37977,19041,0.501382415672644,0.49861758432735603
2017-02-03T04:00:00.000000000.nc,2017-02-03T04:00:00.000000000,Atmospheric River (AR),1038240,52185,0.05026294498381877,99844,47659,0.4773346420415849,0.5226653579584152
2017-02-06T10:00:00.000000000.nc,2017-02-06T10:00:00.000000000,Atmospheric River (AR),1038240,50477,0.04861785329018339,93597,43120,0.46069852666217936,0.5393014733378206
2017-02-06T19:00:00.000000000.nc,2017-02-06T19:00:00.000000000,Atmospheric River (AR),1038240,71417,0.06878660040067808,114027,42610,0.3736834258552799,0.6263165741447201
2017-02-16T16:00:00.000000000.nc,2017-02-16T16:00:00.000000000,Atmospheric River (AR),1038240,51729,0.049823740175681926,96837,45108,0.4658136869171907,0.5341863130828093
2017-02-16T20:00:00.000000000.nc,2017-02-16T20:00:00.000000000,Atmospheric River (AR),1038240,44422,0.04278586839266451,82276,37854,0.4600855656570567,0.5399144343429433
2017-02-18T03:00:00.000000000.nc,2017-02-18T03:00:00.000000000,Atmospheric River (AR),1038240,43779,0.042166551086454,91058,47279,0.5192185200641349,0.48078147993586506
2017-02-20T08:00:00.000000000.nc,2017-02-20T08:00:00.000000000,Atmospheric River (AR),1038240,65316,0.06291030975496995,119225,53909,0.4521618788005871,0.5478381211994129
2017-02-22T03:00:00.000000000.nc,2017-02-22T03:00:00.000000000,Atmospheric River (AR),1038240,54218,0.052221066420095545,97157,42939,0.4419547742313987,0.5580452257686014
2017-02-22T11:00:00.000000000.nc,2017-02-22T11:00:00.000000000,Atmospheric River (AR),1038240,62182,0.05989173986746802,81857,19675,0.24035818561637978,0.7596418143836202
2017-02-25T22:00:00.000000000.nc,2017-02-25T22:00:00.000000000,Atmospheric River (AR),1038240,54626,0.052614039143165356,72144,17518,0.24281991572410735,0.7571800842758927
2017-02-26T14:00:00.000000000.nc,2017-02-26T14:00:00.000000000,Atmospheric River (AR),1038240,69005,0.06646343812605948,125724,56719,0.45113900289523085,0.5488609971047692
2017-02-27T16:00:00.000000000.nc,2017-02-27T16:00:00.000000000,Atmospheric River (AR),1038240,56456,0.05437663738634613,104709,48253,0.4608295370980527,0.5391704629019473
2017-03-04T00:00:00.000000000.nc,2017-03-04T00:00:00.000000000,Atmospheric River (AR),1038240,51772,0.04986515641855448,84629,32857,0.38824752744331137,0.6117524725566886
2017-03-06T16:00:00.000000000.nc,2017-03-06T16:00:00.000000000,Atmospheric River (AR),1038240,73205,0.07050874556942519,134258,61053,0.45474385139060614,0.5452561486093939
2017-03-08T00:00:00.000000000.nc,2017-03-08T00:00:00.000000000,Atmospheric River (AR),1038240,46684,0.04496455540144861,97925,51241,0.5232678069951493,0.47673219300485065
2017-03-10T00:00:00.000000000.nc,2017-03-10T00:00:00.000000000,Atmospheric River (AR),1038240,33114,0.03189435968562182,70416,37302,0.5297375596455351,0.4702624403544649
2017-03-12T19:00:00.000000000.nc,2017-03-12T19:00:00.000000000,Atmospheric River (AR),1038240,47895,0.046130952380952384,79131,31236,0.39473783978466087,0.6052621602153391
2017-03-13T09:00:00.000000000.nc,2017-03-13T09:00:00.000000000,Atmospheric River (AR),1038240,53052,0.051098012020342115,109631,56579,0.5160857786574965,0.4839142213425035
2017-03-13T18:00:00.000000000.nc,2017-03-13T18:00:00.000000000,Atmospheric River (AR),1038240,45467,0.04379237941131145,91980,46513,0.5056860186997173,0.49431398130028265
2017-03-16T14:00:00.000000000.nc,2017-03-16T14:00:00.000000000,Atmospheric River (AR),1038240,41537,0.040007127446447834,77579,36042,0.4645844880702252,0.5354155119297748
2017-03-16T21:00:00.000000000.nc,2017-03-16T21:00:00.000000000,Atmospheric River (AR),1038240,38393,0.036978925874556944,99927,61534,0.6157895263542386,0.3842104736457614
2017-03-20T09:00:00.000000000.nc,2017-03-20T09:00:00.000000000,Atmospheric River (AR),1038240,45160,0.0434966867005702,69700,24540,0.35208034433285507,0.6479196556671449
2017-03-23T15:00:00.000000000.nc,2017-03-23T15:00:00.000000000,Atmospheric River (AR),1038240,45230,0.043564108491292955,68378,23148,0.33852993652929303,0.6614700634707069
2017-03-26T23:00:00.000000000.nc,2017-03-26T23:00:00.000000000,Atmospheric River (AR),1038240,79831,0.07689069964555402,103139,23308,0.22598629034603787,0.7740137096539621
2017-03-27T18:00:00.000000000.nc,2017-03-27T18:00:00.000000000,Atmospheric River (AR),1038240,51121,0.04923813376483279,103520,52399,0.5061727202472952,0.4938272797527048
2017-03-28T04:00:00.000000000.nc,2017-03-28T04:00:00.000000000,Atmospheric River (AR),1038240,39896,0.03842656803821853,80650,40754,0.5053192808431494,0.4946807191568506
2017-03-28T17:00:00.000000000.nc,2017-03-28T17:00:00.000000000,Atmospheric River (AR),1038240,52038,0.05012135922330097,104555,52517,0.5022906604179619,0.49770933958203817
2017-03-30T22:00:00.000000000.nc,2017-03-30T22:00:00.000000000,Atmospheric River (AR),1038240,34588,0.0333140699645554,86820,52232,0.6016125316747293,0.39838746832527067
2017-04-01T06:00:00.000000000.nc,2017-04-01T06:00:00.000000000,Atmospheric River (AR),1038240,62993,0.06067286947141316,93692,30699,0.32765871152286213,0.6723412884771378
2017-04-01T20:00:00.000000000.nc,2017-04-01T20:00:00.000000000,Atmospheric River (AR),1038240,23208,0.022353213129912158,45648,22440,0.49158780231335436,0.5084121976866456
2017-04-03T01:00:00.000000000.nc,2017-04-03T01:00:00.000000000,Atmospheric River (AR),1038240,55000,0.052974264139312686,94887,39887,0.4203631688218618,0.5796368311781382
2017-04-04T18:00:00.000000000.nc,2017-04-04T18:00:00.000000000,Atmospheric River (AR),1038240,82220,0.07919170904607797,116822,34602,0.29619420999469276,0.7038057900053072
2017-04-05T03:00:00.000000000.nc,2017-04-05T03:00:00.000000000,Atmospheric River (AR),1038240,44551,0.04291011712128217,71943,27392,0.38074586825681445,0.6192541317431856
2017-04-05T04:00:00.000000000.nc,2017-04-05T04:00:00.000000000,Atmospheric River (AR),1038240,57404,0.0552897210664201,91719,34315,0.374131859265801,0.625868140734199
2017-04-05T08:00:00.000000000.nc,2017-04-05T08:00:00.000000000,Atmospheric River (AR),1038240,46867,0.045140815225766684,82886,36019,0.4345607219554569,0.5654392780445431
2017-04-06T20:00:00.000000000.nc,2017-04-06T20:00:00.000000000,Atmospheric River (AR),1038240,31049,0.029905416859300354,54305,23256,0.42824785931313875,0.5717521406868612
2017-04-08T14:00:00.000000000.nc,2017-04-08T14:00:00.000000000,Atmospheric River (AR),1038240,51574,0.04967444906765295,81466,29892,0.36692607959148604,0.633073920408514
2017-04-10T01:00:00.000000000.nc,2017-04-10T01:00:00.000000000,Atmospheric River (AR),1038240,52699,0.050758013561411616,119826,67127,0.5602039624121643,0.4397960375878357
2017-04-11T12:00:00.000000000.nc,2017-04-11T12:00:00.000000000,Atmospheric River (AR),1038240,63662,0.06131722915703498,85302,21640,0.25368690065883565,0.7463130993411643
2017-04-13T15:00:00.000000000.nc,2017-04-13T15:00:00.000000000,Atmospheric River (AR),1038240,43263,0.041669556171983355,70205,26942,0.3837618403247632,0.6162381596752368
2017-04-14T17:00:00.000000000.nc,2017-04-14T17:00:00.000000000,Atmospheric River (AR),1038240,60852,0.05861072584373555,110388,49536,0.4487444287422546,0.5512555712577454
2017-04-16T15:00:00.000000000.nc,2017-04-16T15:00:00.000000000,Atmospheric River (AR),1038240,50633,0.04876810756665126,70752,20119,0.2843594527363184,0.7156405472636815
2017-04-17T22:00:00.000000000.nc,2017-04-17T22:00:00.000000000,Atmospheric River (AR),1038240,60013,0.05780262752350131,101538,41525,0.40896019224329805,0.591039807756702
2017-04-19T05:00:00.000000000.nc,2017-04-19T05:00:00.000000000,Atmospheric River (AR),1038240,36544,0.035198027431037136,81311,44767,0.5505651141911918,0.44943488580880814
2017-04-20T15:00:00.000000000.nc,2017-04-20T15:00:00.000000000,Atmospheric River (AR),1038240,53641,0.051665318230852214,77476,23835,0.30764365739067584,0.6923563426093242
2017-04-20T19:00:00.000000000.nc,2017-04-20T19:00:00.000000000,Atmospheric River (AR),1038240,52855,0.05090826783787949,104666,51811,0.49501270708730627,0.5049872929126937
2017-04-21T01:00:00.000000000.nc,2017-04-21T01:00:00.000000000,Atmospheric River (AR),1038240,113314,0.10914046848512868,164804,51490,0.3124317370937599,0.6875682629062402
2017-04-23T07:00:00.000000000.nc,2017-04-23T07:00:00.000000000,Atmospheric River (AR),1038240,38687,0.03726209739559254,70045,31358,0.4476836319508887,0.5523163680491113
2017-04-24T23:00:00.000000000.nc,2017-04-24T23:00:00.000000000,Atmospheric River (AR),1038240,55541,0.05349533826475574,111500,55959,0.5018744394618834,0.4981255605381166
2017-04-25T13:00:00.000000000.nc,2017-04-25T13:00:00.000000000,Atmospheric River (AR),1038240,68020,0.06551471721374634,114237,46217,0.40457119847334927,0.5954288015266508
2017-04-28T12:00:00.000000000.nc,2017-04-28T12:00:00.000000000,Atmospheric River (AR),1038240,45068,0.04340807520419171,73297,28229,0.3851317243543392,0.6148682756456608
2017-04-28T21:00:00.000000000.nc,2017-04-28T21:00:00.000000000,Atmospheric River (AR),1038240,67010,0.06454191709046078,111390,44380,0.39841996588562706,0.6015800341143729
2017-04-30T20:00:00.000000000.nc,2017-04-30T20:00:00.000000000,Atmospheric River (AR),1038240,50968,0.049090768993681616,79185,28217,0.3563427416808739,0.6436572583191261
2017-05-02T02:00:00.000000000.nc,2017-05-02T02:00:00.000000000,Atmospheric River (AR),1038240,62533,0.06022981198952073,106583,44050,0.4132929266393327,0.5867070733606673
2017-05-03T04:00:00.000000000.nc,2017-05-03T04:00:00.000000000,Atmospheric River (AR),1038240,48976,0.0471721374633996,89394,40418,0.4521332527910151,0.547866747208985
2017-05-06T16:00:00.000000000.nc,2017-05-06T16:00:00.000000000,Atmospheric River (AR),1038240,60535,0.05830540144860533,92047,31512,0.3423468445468076,0.6576531554531924
2017-05-09T07:00:00.000000000.nc,2017-05-09T07:00:00.000000000,Atmospheric River (AR),1038240,62187,0.059896555709662506,106491,44304,0.41603515790066764,0.5839648420993323
2017-05-09T14:00:00.000000000.nc,2017-05-09T14:00:00.000000000,Atmospheric River (AR),1038240,42453,0.040889389736477114,71659,29206,0.40756918181945045,0.5924308181805495
2017-05-10T07:00:00.000000000.nc,2017-05-10T07:00:00.000000000,Atmospheric River (AR),1038240,47734,0.04597588226229003,82257,34523,0.41969680391942327,0.5803031960805767
2017-05-11T03:00:00.000000000.nc,2017-05-11T03:00:00.000000000,Atmospheric River (AR),1038240,60795,0.05855582524271845,102707,41912,0.40807345166346987,0.5919265483365301
2017-05-13T13:00:00.000000000.nc,2017-05-13T13:00:00.000000000,Atmospheric River (AR),1038240,75613,0.07282805517028818,120255,44642,0.37122780757556856,0.6287721924244314
2017-05-21T03:00:00.000000000.nc,2017-05-21T03:00:00.000000000,Atmospheric River (AR),1038240,64634,0.06225342887964247,110265,45631,0.4138303178705845,0.5861696821294154
2017-05-22T00:00:00.000000000.nc,2017-05-22T00:00:00.000000000,Atmospheric River (AR),1038240,35167,0.03387174449067653,61164,25997,0.42503760381924005,0.57496239618076
2017-05-22T03:00:00.000000000.nc,2017-05-22T03:00:00.000000000,Atmospheric River (AR),1038240,63790,0.06144051471721375,102344,38554,0.37670991948721955,0.6232900805127805
2017-05-22T23:00:00.000000000.nc,2017-05-22T23:00:00.000000000,Atmospheric River (AR),1038240,62765,0.06045326706734474,95279,32514,0.34125043293905266,0.6587495670609473
2017-05-25T00:00:00.000000000.nc,2017-05-25T00:00:00.000000000,Atmospheric River (AR),1038240,60131,0.05791628139929111,79386,19255,0.242549064066712,0.7574509359332879
2017-05-26T11:00:00.000000000.nc,2017-05-26T11:00:00.000000000,Atmospheric River (AR),1038240,48003,0.04623497457235321,72051,24048,0.3337635841279094,0.6662364158720906
2017-05-26T13:00:00.000000000.nc,2017-05-26T13:00:00.000000000,Atmospheric River (AR),1038240,45127,0.043464902142086606,78693,33566,0.426543656996175,0.573456343003825
2017-05-29T21:00:00.000000000.nc,2017-05-29T21:00:00.000000000,Atmospheric River (AR),1038240,49013,0.04720777469563878,98487,49474,0.5023404104094956,0.4976595895905043
2017-05-31T22:00:00.000000000.nc,2017-05-31T22:00:00.000000000,Atmospheric River (AR),1038240,69374,0.06681884728001233,107409,38035,0.35411371486560717,0.6458862851343928
2017-06-01T08:00:00.000000000.nc,2017-06-01T08:00:00.000000000,Atmospheric River (AR),1038240,48028,0.04625905378332563,65188,17160,0.26323863287721666,0.7367613671227833
2017-06-02T21:00:00.000000000.nc,2017-06-02T21:00:00.000000000,Atmospheric River (AR),1038240,32355,0.031163314840499307,49107,16752,0.3411326287494654,0.6588673712505345
2017-06-03T11:00:00.000000000.nc,2017-06-03T11:00:00.000000000,Atmospheric River (AR),1038240,26950,0.025957389428263214,45776,18826,0.4112635442153093,0.5887364557846907
2017-06-04T18:00:00.000000000.nc,2017-06-04T18:00:00.000000000,Atmospheric River (AR),1038240,48251,0.046473840345199566,82105,33854,0.41232568053102736,0.5876743194689726
2017-06-05T23:00:00.000000000.nc,2017-06-05T23:00:00.000000000,Atmospheric River (AR),1038240,45499,0.04382320080135614,65676,20177,0.3072202935623363,0.6927797064376637
2017-06-06T00:00:00.000000000.nc,2017-06-06T00:00:00.000000000,Atmospheric River (AR),1038240,30782,0.029648250886114964,69974,39192,0.5600937491068111,0.4399062508931889
2017-06-07T11:00:00.000000000.nc,2017-06-07T11:00:00.000000000,Atmospheric River (AR),1038240,51000,0.04912159038372631,94421,43421,0.4598659196577033,0.5401340803422967
2017-06-08T08:00:00.000000000.nc,2017-06-08T08:00:00.000000000,Atmospheric River (AR),1038240,44567,0.042925527816304515,91386,46819,0.5123213621342437,0.48767863786575627
2017-06-09T07:00:00.000000000.nc,2017-06-09T07:00:00.000000000,Atmospheric River (AR),1038240,47703,0.045946024040684236,85123,37420,0.43959916826239676,0.5604008317376032
2017-06-09T18:00:00.000000000.nc,2017-06-09T18:00:00.000000000,Atmospheric River (AR),1038240,45578,0.043899291108028975,87633,42055,0.47989912475893787,0.5201008752410622
2017-06-10T16:00:00.000000000.nc,2017-06-10T16:00:00.000000000,Atmospheric River (AR),1038240,41239,0.03972010325165665,74041,32802,0.44302481057792303,0.5569751894220769
2017-06-12T13:00:00.000000000.nc,2017-06-12T13:00:00.000000000,Atmospheric River (AR),1038240,46536,0.04482200647249191,82911,36375,0.4387234504468647,0.5612765495531353
2017-06-13T09:00:00.000000000.nc,2017-06-13T09:00:00.000000000,Atmospheric River (AR),1038240,35919,0.03459604715672677,61681,25762,0.41766508325092006,0.5823349167490799
2017-06-14T15:00:00.000000000.nc,2017-06-14T15:00:00.000000000,Atmospheric River (AR),1038240,47001,0.04526987979657882,84080,37079,0.4409966698382493,0.5590033301617507
2017-06-15T14:00:00.000000000.nc,2017-06-15T14:00:00.000000000,Atmospheric River (AR),1038240,47395,0.045649368161504084,85482,38087,0.4455557895229405,0.5544442104770595
2017-06-20T23:00:00.000000000.nc,2017-06-20T23:00:00.000000000,Atmospheric River (AR),1038240,26761,0.02577535059331176,43995,17234,0.3917263325377884,0.6082736674622116
2017-06-21T16:00:00.000000000.nc,2017-06-21T16:00:00.000000000,Atmospheric River (AR),1038240,18333,0.01765776699029126,30457,12124,0.39806940933118823,0.6019305906688117
2017-06-22T10:00:00.000000000.nc,2017-06-22T10:00:00.000000000,Atmospheric River (AR),1038240,68344,0.06582678378794883,116206,47862,0.4118720203776053,0.5881279796223947
2017-06-24T06:00:00.000000000.nc,2017-06-24T06:00:00.000000000,Atmospheric River (AR),1038240,22602,0.021769533055940822,47241,24639,0.5215596621578713,0.47844033784212864
2017-06-29T03:00:00.000000000.nc,2017-06-29T03:00:00.000000000,Atmospheric River (AR),1038240,38708,0.03728232393280937,73532,34824,0.47358972964151663,0.5264102703584834
2017-07-03T02:00:00.000000000.nc,2017-07-03T02:00:00.000000000,Atmospheric River (AR),1038240,67766,0.0652700724302666,117870,50104,0.42507847628743534,0.5749215237125647
2017-07-03T21:00:00.000000000.nc,2017-07-03T21:00:00.000000000,Atmospheric River (AR),1038240,52566,0.05062991215903837,97450,44884,0.4605849153412006,0.5394150846587994
2017-07-04T07:00:00.000000000.nc,2017-07-04T07:00:00.000000000,Atmospheric River (AR),1038240,73960,0.07123593774079211,104852,30892,0.29462480448632355,0.7053751955136764
2017-07-05T03:00:00.000000000.nc,2017-07-05T03:00:00.000000000,Atmospheric River (AR),1038240,42482,0.040917321621205115,66899,24417,0.36498303412607064,0.6350169658739293
2017-07-06T20:00:00.000000000.nc,2017-07-06T20:00:00.000000000,Atmospheric River (AR),1038240,76796,0.07396748343350285,120502,43706,0.36269937428424426,0.6373006257157557
2017-07-07T13:00:00.000000000.nc,2017-07-07T13:00:00.000000000,Atmospheric River (AR),1038240,51337,0.04944617814763446,94705,43368,0.45792724776938915,0.5420727522306108
2017-07-16T14:00:00.000000000.nc,2017-07-16T14:00:00.000000000,Atmospheric River (AR),1038240,57934,0.05580020033903529,91729,33795,0.3684222001766072,0.6315777998233928
2017-07-19T14:00:00.000000000.nc,2017-07-19T14:00:00.000000000,Atmospheric River (AR),1038240,67461,0.06497630605640314,109675,42214,0.38490084340095737,0.6150991565990426
2017-07-21T05:00:00.000000000.nc,2017-07-21T05:00:00.000000000,Atmospheric River (AR),1038240,53482,0.05151217444906765,86996,33514,0.3852361028093246,0.6147638971906755
2017-07-22T03:00:00.000000000.nc,2017-07-22T03:00:00.000000000,Atmospheric River (AR),1038240,22490,0.021661658190784406,52548,30058,0.5720103524396742,0.4279896475603258
2017-07-22T15:00:00.000000000.nc,2017-07-22T15:00:00.000000000,Atmospheric River (AR),1038240,46949,0.0452197950377562,87369,40420,0.4626354885600156,0.5373645114399844
2017-07-23T19:00:00.000000000.nc,2017-07-23T19:00:00.000000000,Atmospheric River (AR),1038240,64144,0.06178147634458314,101348,37204,0.3670916051624107,0.6329083948375893
2017-07-23T21:00:00.000000000.nc,2017-07-23T21:00:00.000000000,Atmospheric River (AR),1038240,50835,0.048962667591308365,85686,34851,0.40672922064281214,0.5932707793571879
2017-07-26T14:00:00.000000000.nc,2017-07-26T14:00:00.000000000,Atmospheric River (AR),1038240,38594,0.037172522730775155,62345,23751,0.38096078274119816,0.6190392172588018
2017-08-01T02:00:00.000000000.nc,2017-08-01T02:00:00.000000000,Atmospheric River (AR),1038240,67787,0.06529029896748344,89853,22066,0.24557888996472016,0.7544211100352799
2017-08-14T12:00:00.000000000.nc,2017-08-14T12:00:00.000000000,Atmospheric River (AR),1038240,69089,0.0665443442749268,112791,43702,0.3874599923752782,0.6125400076247218
2017-08-14T14:00:00.000000000.nc,2017-08-14T14:00:00.000000000,Atmospheric River (AR),1038240,67099,0.06462763908152258,86709,19610,0.22615876091293868,0.7738412390870614
2017-08-19T01:00:00.000000000.nc,2017-08-19T01:00:00.000000000,Atmospheric River (AR),1038240,77903,0.07503371089536139,106468,28565,0.2682965773753616,0.7317034226246384
2017-08-19T23:00:00.000000000.nc,2017-08-19T23:00:00.000000000,Atmospheric River (AR),1038240,59763,0.057561835413777164,85003,25240,0.2969306965636507,0.7030693034363493
2017-08-22T11:00:00.000000000.nc,2017-08-22T11:00:00.000000000,Atmospheric River (AR),1038240,52035,0.05011846971798428,79333,27298,0.3440938827474065,0.6559061172525935
2017-08-23T01:00:00.000000000.nc,2017-08-23T01:00:00.000000000,Atmospheric River (AR),1038240,66486,0.06403721682847896,127325,60839,0.47782446495189473,0.5221755350481052
2017-08-23T19:00:00.000000000.nc,2017-08-23T19:00:00.000000000,Atmospheric River (AR),1038240,51133,0.04924969178609955,131236,80103,0.6103736779542199,0.3896263220457801
2017-08-25T11:00:00.000000000.nc,2017-08-25T11:00:00.000000000,Atmospheric River (AR),1038240,61130,0.058878486669748806,119923,58793,0.4902562477589787,0.5097437522410213
2017-08-26T09:00:00.000000000.nc,2017-08-26T09:00:00.000000000,Atmospheric River (AR),1038240,48763,0.04696698258591463,105005,56242,0.5356125898766725,0.46438741012332746
2017-08-27T06:00:00.000000000.nc,2017-08-27T06:00:00.000000000,Atmospheric River (AR),1038240,40276,0.03879257204499923,62219,21943,0.35267362059820956,0.6473263794017905
2017-08-28T13:00:00.000000000.nc,2017-08-28T13:00:00.000000000,Atmospheric River (AR),1038240,48588,0.04679842810910772,86503,37915,0.4383084979711686,0.5616915020288313
2017-08-28T20:00:00.000000000.nc,2017-08-28T20:00:00.000000000,Atmospheric River (AR),1038240,50906,0.04903105255047003,75865,24959,0.32899228893429117,0.6710077110657088
2017-09-02T02:00:00.000000000.nc,2017-09-02T02:00:00.000000000,Atmospheric River (AR),1038240,72839,0.07015622592078903,133879,61040,0.45593408973774824,0.5440659102622517
2017-09-02T20:00:00.000000000.nc,2017-09-02T20:00:00.000000000,Atmospheric River (AR),1038240,46057,0.04436064879026044,70514,24457,0.3468389256034263,0.6531610743965738
2017-09-03T15:00:00.000000000.nc,2017-09-03T15:00:00.000000000,Atmospheric River (AR),1038240,50057,0.048213322545846815,77862,27805,0.35710616218437746,0.6428938378156225
2017-09-06T06:00:00.000000000.nc,2017-09-06T06:00:00.000000000,Atmospheric River (AR),1038240,41134,0.03961897056557251,65185,24051,0.36896525274219527,0.6310347472578047
2017-09-06T19:00:00.000000000.nc,2017-09-06T19:00:00.000000000,Atmospheric River (AR),1038240,81714,0.07870434581599631,111483,29769,0.267027259761578,0.732972740238422
2017-09-07T21:00:00.000000000.nc,2017-09-07T21:00:00.000000000,Atmospheric River (AR),1038240,58665,0.0565042764678687,76629,17964,0.23442821908154876,0.7655717809184512
2017-09-12T11:00:00.000000000.nc,2017-09-12T11:00:00.000000000,Atmospheric River (AR),1038240,65024,0.06262906457081215,115249,50225,0.4357955383560812,0.5642044616439188
2017-09-19T09:00:00.000000000.nc,2017-09-19T09:00:00.000000000,Atmospheric River (AR),1038240,62204,0.05991292957312375,104923,42719,0.4071461929224288,0.5928538070775712
2017-09-19T20:00:00.000000000.nc,2017-09-19T20:00:00.000000000,Atmospheric River (AR),1038240,54902,0.05287987363230082,86034,31132,0.3618569402794244,0.6381430597205756
2017-09-21T10:00:00.000000000.nc,2017-09-21T10:00:00.000000000,Atmospheric River (AR),1038240,31233,0.03008263985205733,56983,25750,0.45188915992488987,0.5481108400751101
2017-09-24T23:00:00.000000000.nc,2017-09-24T23:00:00.000000000,Atmospheric River (AR),1038240,40471,0.03898038989058406,87308,46837,0.5364571402391534,0.46354285976084664
2017-09-25T13:00:00.000000000.nc,2017-09-25T13:00:00.000000000,Atmospheric River (AR),1038240,49977,0.04813626907073509,96358,46381,0.4813404180244505,0.5186595819755495
2017-09-27T04:00:00.000000000.nc,2017-09-27T04:00:00.000000000,Atmospheric River (AR),1038240,75750,0.07296000924641702,131974,56224,0.4260233076211981,0.5739766923788019
2017-09-28T02:00:00.000000000.nc,2017-09-28T02:00:00.000000000,Atmospheric River (AR),1038240,32786,0.03157844043766374,67153,34367,0.5117716259884145,0.4882283740115855
2017-09-28T16:00:00.000000000.nc,2017-09-28T16:00:00.000000000,Atmospheric River (AR),1038240,51145,0.04926124980736631,102194,51049,0.4995303051059749,0.500469694894025
2017-09-29T17:00:00.000000000.nc,2017-09-29T17:00:00.000000000,Atmospheric River (AR),1038240,78084,0.07520804438280167,99387,21303,0.2143439282803586,0.7856560717196414
2017-10-01T09:00:00.000000000.nc,2017-10-01T09:00:00.000000000,Atmospheric River (AR),1038240,72151,0.06949356603482817,103948,31797,0.30589333128102514,0.6941066687189749
2017-10-03T13:00:00.000000000.nc,2017-10-03T13:00:00.000000000,Atmospheric River (AR),1038240,31181,0.030032555093234704,67063,35882,0.5350491329048804,0.4649508670951195
2017-10-04T06:00:00.000000000.nc,2017-10-04T06:00:00.000000000,Atmospheric River (AR),1038240,46786,0.04506279858221606,90434,43648,0.4826503306278612,0.5173496693721388
2017-10-06T11:00:00.000000000.nc,2017-10-06T11:00:00.000000000,Atmospheric River (AR),1038240,76646,0.07382300816766836,114887,38241,0.3328575034599215,0.6671424965400785
2017-10-06T14:00:00.000000000.nc,2017-10-06T14:00:00.000000000,Atmospheric River (AR),1038240,38777,0.03734878255509323,76641,37864,0.49404365809423156,0.5059563419057684
2017-10-06T16:00:00.000000000.nc,2017-10-06T16:00:00.000000000,Atmospheric River (AR),1038240,59590,0.05739520727384805,88461,28871,0.32636981268581633,0.6736301873141837
2017-10-07T01:00:00.000000000.nc,2017-10-07T01:00:00.000000000,Atmospheric River (AR),1038240,31562,0.030399522268454306,52716,21154,0.4012823431216329,0.5987176568783671
2017-10-07T19:00:00.000000000.nc,2017-10-07T19:00:00.000000000,Atmospheric River (AR),1038240,67242,0.06476537216828479,77361,10119,0.1308023422654826,0.8691976577345174
2017-10-08T15:00:00.000000000.nc,2017-10-08T15:00:00.000000000,Atmospheric River (AR),1038240,48184,0.0464093080597935,84036,35852,0.42662668380218,0.57337331619782
2017-10-16T15:00:00.000000000.nc,2017-10-16T15:00:00.000000000,Atmospheric River (AR),1038240,47999,0.04623112189859763,74369,26370,0.35458322688216865,0.6454167731178313
2017-10-17T22:00:00.000000000.nc,2017-10-17T22:00:00.000000000,Atmospheric River (AR),1038240,60640,0.05840653413468948,103428,42788,0.4136984182233051,0.5863015817766949
2017-10-20T10:00:00.000000000.nc,2017-10-20T10:00:00.000000000,Atmospheric River (AR),1038240,37965,0.0365666897827092,82059,44094,0.5373450809783205,0.46265491902167954
2017-10-21T15:00:00.000000000.nc,2017-10-21T15:00:00.000000000,Atmospheric River (AR),1038240,64135,0.06177280782863307,115724,51589,0.4457934395630984,0.5542065604369016
2017-10-22T21:00:00.000000000.nc,2017-10-22T21:00:00.000000000,Atmospheric River (AR),1038240,36878,0.0355197256896286,71757,34879,0.48607104533355633,0.5139289546664437
2017-10-24T05:00:00.000000000.nc,2017-10-24T05:00:00.000000000,Atmospheric River (AR),1038240,32345,0.03115368315611034,95721,63376,0.6620908682525256,0.33790913174747444
2017-10-24T06:00:00.000000000.nc,2017-10-24T06:00:00.000000000,Atmospheric River (AR),1038240,66278,0.06383687779318847,92702,26424,0.2850423939073591,0.7149576060926409
2017-10-24T15:00:00.000000000.nc,2017-10-24T15:00:00.000000000,Atmospheric River (AR),1038240,45369,0.04369798890429959,81379,36010,0.4424974502021406,0.5575025497978594
2017-10-26T15:00:00.000000000.nc,2017-10-26T15:00:00.000000000,Atmospheric River (AR),1038240,53579,0.05160560178764062,87117,33538,0.38497652582159625,0.6150234741784038
2017-10-28T16:00:00.000000000.nc,2017-10-28T16:00:00.000000000,Atmospheric River (AR),1038240,35374,0.03407112035752812,55312,19938,0.3604642753832803,0.6395357246167197
2017-10-29T17:00:00.000000000.nc,2017-10-29T17:00:00.000000000,Atmospheric River (AR),1038240,59328,0.05714285714285714,92589,33261,0.3592327382302433,0.6407672617697566
2017-11-01T05:00:00.000000000.nc,2017-11-01T05:00:00.000000000,Atmospheric River (AR),1038240,60330,0.05810795191863153,88363,28033,0.317248169482702,0.6827518305172979
2017-11-01T10:00:00.000000000.nc,2017-11-01T10:00:00.000000000,Atmospheric River (AR),1038240,26115,0.02515314378178456,40836,14721,0.3604907434616515,0.6395092565383486
2017-11-01T20:00:00.000000000.nc,2017-11-01T20:00:00.000000000,Atmospheric River (AR),1038240,53291,0.051328209277238405,107246,53955,0.5030956865524122,0.4969043134475878
2017-11-02T03:00:00.000000000.nc,2017-11-02T03:00:00.000000000,Atmospheric River (AR),1038240,72183,0.06952438742487287,104647,32464,0.310223895572735,0.689776104427265
2017-11-10T13:00:00.000000000.nc,2017-11-10T13:00:00.000000000,Atmospheric River (AR),1038240,64203,0.06183830328247804,83222,19019,0.22853332051620964,0.7714666794837903
2017-11-13T08:00:00.000000000.nc,2017-11-13T08:00:00.000000000,Atmospheric River (AR),1038240,53551,0.05157863307135152,90979,37428,0.41139163982897153,0.5886083601710285
2017-11-13T17:00:00.000000000.nc,2017-11-13T17:00:00.000000000,Atmospheric River (AR),1038240,31115,0.02996898597626753,56041,24926,0.44478149925947075,0.5552185007405293
2017-11-17T18:00:00.000000000.nc,2017-11-17T18:00:00.000000000,Atmospheric River (AR),1038240,46053,0.04435679611650485,87750,41697,0.47517948717948716,0.5248205128205128
2017-11-22T04:00:00.000000000.nc,2017-11-22T04:00:00.000000000,Atmospheric River (AR),1038240,53076,0.05112112806287564,103528,50452,0.48732709991499884,0.5126729000850011
2017-11-22T10:00:00.000000000.nc,2017-11-22T10:00:00.000000000,Atmospheric River (AR),1038240,54391,0.05238769456002466,98667,44276,0.4487417272238945,0.5512582727761055
2017-11-23T06:00:00.000000000.nc,2017-11-23T06:00:00.000000000,Atmospheric River (AR),1038240,41737,0.04019976113422715,95515,53778,0.5630319845050515,0.43696801549494846
2017-11-25T20:00:00.000000000.nc,2017-11-25T20:00:00.000000000,Atmospheric River (AR),1038240,48622,0.046831175836030206,88281,39659,0.4492359624381237,0.5507640375618763
2017-11-27T14:00:00.000000000.nc,2017-11-27T14:00:00.000000000,Atmospheric River (AR),1038240,49777,0.04794363538295577,76694,26917,0.3509661772759277,0.6490338227240723
2017-11-29T05:00:00.000000000.nc,2017-11-29T05:00:00.000000000,Atmospheric River (AR),1038240,58383,0.05623266296809986,89075,30692,0.3445635700252596,0.6554364299747404
2017-11-29T20:00:00.000000000.nc,2017-11-29T20:00:00.000000000,Atmospheric River (AR),1038240,45251,0.04358433502850979,93620,48369,0.5166524246955778,0.48334757530442213
2017-12-03T20:00:00.000000000.nc,2017-12-03T20:00:00.000000000,Atmospheric River (AR),1038240,42841,0.041263099090768994,86504,43663,0.5047512253768612,0.4952487746231388
2017-12-04T18:00:00.000000000.nc,2017-12-04T18:00:00.000000000,Atmospheric River (AR),1038240,34121,0.032864270303590695,66428,32307,0.4863461191064009,0.5136538808935991
2017-12-06T11:00:00.000000000.nc,2017-12-06T11:00:00.000000000,Atmospheric River (AR),1038240,55956,0.05389505316689783,116829,60873,0.5210435765092571,0.47895642349074286
2017-12-07T19:00:00.000000000.nc,2017-12-07T19:00:00.000000000,Atmospheric River (AR),1038240,71252,0.06862767760826013,95669,24417,0.2552237401875216,0.7447762598124784
2017-12-11T00:00:00.000000000.nc,2017-12-11T00:00:00.000000000,Atmospheric River (AR),1038240,65699,0.06327920326706735,119734,54035,0.4512920306679807,0.5487079693320193
2017-12-12T15:00:00.000000000.nc,2017-12-12T15:00:00.000000000,Atmospheric River (AR),1038240,57146,0.05504122360918477,100802,43656,0.4330866451062479,0.566913354893752
2017-12-12T18:00:00.000000000.nc,2017-12-12T18:00:00.000000000,Atmospheric River (AR),1038240,49619,0.04779145476961011,98029,48410,0.4938334574462659,0.5061665425537341
2017-12-15T08:00:00.000000000.nc,2017-12-15T08:00:00.000000000,Atmospheric River (AR),1038240,57594,0.05547272306981045,110191,52597,0.47732573440662124,0.5226742655933788
2017-12-16T17:00:00.000000000.nc,2017-12-16T17:00:00.000000000,Atmospheric River (AR),1038240,62101,0.0598137232239174,96667,34566,0.3575780773169748,0.6424219226830252
2017-12-23T00:00:00.000000000.nc,2017-12-23T00:00:00.000000000,Atmospheric River (AR),1038240,61782,0.059506472491909386,108586,46804,0.4310316247030004,0.5689683752969996
2017-12-30T21:00:00.000000000.nc,2017-12-30T21:00:00.000000000,Atmospheric River (AR),1038240,29887,0.028786215133302512,65133,35246,0.5411389004037892,0.45886109959621085
2017-12-31T06:00:00.000000000.nc,2017-12-31T06:00:00.000000000,Atmospheric River (AR),1038240,47764,0.04600477731545693,83479,35715,0.4278321494028438,0.5721678505971561
2018-01-04T10:00:00.000000000.nc,2018-01-04T10:00:00.000000000,Atmospheric River (AR),1038240,39388,0.03793727847125905,66481,27093,0.40752997096914906,0.5924700290308509
2018-01-05T18:00:00.000000000.nc,2018-01-05T18:00:00.000000000,Atmospheric River (AR),1038240,22911,0.022067152103559872,40860,17949,0.43928046989721,0.56071953010279
2018-01-06T15:00:00.000000000.nc,2018-01-06T15:00:00.000000000,Atmospheric River (AR),1038240,50438,0.04858028972106642,80306,29868,0.3719273777799915,0.6280726222200085
2018-01-07T02:00:00.000000000.nc,2018-01-07T02:00:00.000000000,Atmospheric River (AR),1038240,52443,0.05051144244105409,83466,31023,0.37168427862842357,0.6283157213715764
2018-01-11T10:00:00.000000000.nc,2018-01-11T10:00:00.000000000,Atmospheric River (AR),1038240,47226,0.045486592695330556,101705,54479,0.5356570473428052,0.46434295265719483
2018-01-13T11:00:00.000000000.nc,2018-01-13T11:00:00.000000000,Atmospheric River (AR),1038240,47511,0.04576109570041609,115049,67538,0.5870368277864214,0.4129631722135786
2018-01-14T01:00:00.000000000.nc,2018-01-14T01:00:00.000000000,Atmospheric River (AR),1038240,43770,0.04215788257050393,78921,35151,0.44539476185045807,0.554605238149542
2018-01-14T19:00:00.000000000.nc,2018-01-14T19:00:00.000000000,Atmospheric River (AR),1038240,35271,0.03397191400832177,79671,44400,0.5572918627857062,0.4427081372142938
2018-01-15T20:00:00.000000000.nc,2018-01-15T20:00:00.000000000,Atmospheric River (AR),1038240,46305,0.0445995145631068,98275,51970,0.528822182650725,0.471177817349275
2018-01-16T02:00:00.000000000.nc,2018-01-16T02:00:00.000000000,Atmospheric River (AR),1038240,38413,0.036998189243334874,71302,32889,0.46126335867156604,0.538736641328434
2018-01-17T03:00:00.000000000.nc,2018-01-17T03:00:00.000000000,Atmospheric River (AR),1038240,38926,0.03749229465248883,76676,37750,0.4923313683551568,0.5076686316448432
2018-01-18T05:00:00.000000000.nc,2018-01-18T05:00:00.000000000,Atmospheric River (AR),1038240,42599,0.04103001232855602,63644,21045,0.33066746276161146,0.6693325372383885
2018-01-18T12:00:00.000000000.nc,2018-01-18T12:00:00.000000000,Atmospheric River (AR),1038240,49843,0.04800720449992295,77669,27826,0.35826391481800973,0.6417360851819902
2018-01-19T15:00:00.000000000.nc,2018-01-19T15:00:00.000000000,Atmospheric River (AR),1038240,53738,0.05175874556942518,87846,34108,0.3882703822598639,0.6117296177401361
2018-01-21T07:00:00.000000000.nc,2018-01-21T07:00:00.000000000,Atmospheric River (AR),1038240,75726,0.0729368932038835,91893,16167,0.17593287845646569,0.8240671215435343
2018-01-23T00:00:00.000000000.nc,2018-01-23T00:00:00.000000000,Atmospheric River (AR),1038240,38604,0.03718215441516413,64503,25899,0.4015162085484396,0.5984837914515604
2018-01-28T00:00:00.000000000.nc,2018-01-28T00:00:00.000000000,Atmospheric River (AR),1038240,25552,0.024610879950685775,49375,23823,0.48249113924050635,0.5175088607594936
2018-01-28T07:00:00.000000000.nc,2018-01-28T07:00:00.000000000,Atmospheric River (AR),1038240,46898,0.045170673447372474,93082,46184,0.49616467200962594,0.5038353279903741
2018-01-28T21:00:00.000000000.nc,2018-01-28T21:00:00.000000000,Atmospheric River (AR),1038240,74715,0.07196312991215904,105148,30433,0.2894301365694069,0.710569863430593
2018-01-29T03:00:00.000000000.nc,2018-01-29T03:00:00.000000000,Atmospheric River (AR),1038240,45038,0.043379180151024814,85885,40847,0.47560109448681376,0.5243989055131862
2018-01-29T16:00:00.000000000.nc,2018-01-29T16:00:00.000000000,Atmospheric River (AR),1038240,51976,0.050061642780089385,88278,36302,0.4112236344276037,0.5887763655723963
2018-01-29T22:00:00.000000000.nc,2018-01-29T22:00:00.000000000,Atmospheric River (AR),1038240,56750,0.05465980890738172,99581,42831,0.4301121699922676,0.5698878300077324
2018-02-02T20:00:00.000000000.nc,2018-02-02T20:00:00.000000000,Atmospheric River (AR),1038240,57644,0.055520881491755276,87500,29856,0.34121142857142855,0.6587885714285714
2018-02-04T01:00:00.000000000.nc,2018-02-04T01:00:00.000000000,Atmospheric River (AR),1038240,68602,0.06607528124518416,91195,22593,0.24774384560557047,0.7522561543944295
2018-02-05T18:00:00.000000000.nc,2018-02-05T18:00:00.000000000,Atmospheric River (AR),1038240,71587,0.06895033903529049,105301,33714,0.3201678996400794,0.6798321003599206
2018-02-08T13:00:00.000000000.nc,2018-02-08T13:00:00.000000000,Atmospheric River (AR),1038240,28090,0.027055401448605333,66362,38272,0.5767155902474308,0.42328440975256926
2018-02-10T03:00:00.000000000.nc,2018-02-10T03:00:00.000000000,Atmospheric River (AR),1038240,48549,0.04676086453999075,66557,18008,0.2705650795558694,0.7294349204441306
2018-02-14T03:00:00.000000000.nc,2018-02-14T03:00:00.000000000,Atmospheric River (AR),1038240,69707,0.06713958237016489,104680,34973,0.3340943828811616,0.6659056171188383
2018-02-16T07:00:00.000000000.nc,2018-02-16T07:00:00.000000000,Atmospheric River (AR),1038240,34214,0.03295384496840807,65807,31593,0.4800857051681432,0.5199142948318568
2018-02-16T08:00:00.000000000.nc,2018-02-16T08:00:00.000000000,Atmospheric River (AR),1038240,63520,0.06118045923871167,90057,26537,0.29466893189868637,0.7053310681013136
2018-02-18T13:00:00.000000000.nc,2018-02-18T13:00:00.000000000,Atmospheric River (AR),1038240,67775,0.06527874094621668,105265,37490,0.3561487673965706,0.6438512326034295
2018-02-18T16:00:00.000000000.nc,2018-02-18T16:00:00.000000000,Atmospheric River (AR),1038240,51445,0.04955020033903529,67390,15945,0.2366078053123609,0.7633921946876391
2018-02-19T11:00:00.000000000.nc,2018-02-19T11:00:00.000000000,Atmospheric River (AR),1038240,102910,0.09911966404684851,140222,37312,0.26609233929055354,0.7339076607094465
2018-02-21T08:00:00.000000000.nc,2018-02-21T08:00:00.000000000,Atmospheric River (AR),1038240,43681,0.04207216057944213,86339,42658,0.4940756784303733,0.5059243215696267
2018-02-22T14:00:00.000000000.nc,2018-02-22T14:00:00.000000000,Atmospheric River (AR),1038240,54694,0.05267953459701032,110710,56016,0.5059705536988529,0.49402944630114715
2018-02-23T23:00:00.000000000.nc,2018-02-23T23:00:00.000000000,Atmospheric River (AR),1038240,41430,0.0399040684234859,61685,20255,0.32836183837237576,0.6716381616276242
2018-02-26T15:00:00.000000000.nc,2018-02-26T15:00:00.000000000,Atmospheric River (AR),1038240,35404,0.034100015410695024,72481,37077,0.5115409555607676,0.4884590444392323
2018-03-01T16:00:00.000000000.nc,2018-03-01T16:00:00.000000000,Atmospheric River (AR),1038240,53030,0.05107682231468639,81034,28004,0.3455833353900832,0.6544166646099169
2018-03-02T11:00:00.000000000.nc,2018-03-02T11:00:00.000000000,Atmospheric River (AR),1038240,49556,0.04773077515795962,83206,33650,0.40441795062856045,0.5955820493714395
2018-03-03T08:00:00.000000000.nc,2018-03-03T08:00:00.000000000,Atmospheric River (AR),1038240,51366,0.04947411003236246,79805,28439,0.35635611803771694,0.6436438819622831
2018-03-03T22:00:00.000000000.nc,2018-03-03T22:00:00.000000000,Atmospheric River (AR),1038240,42417,0.04085471567267684,61936,19519,0.31514789460087833,0.6848521053991217
2018-03-04T14:00:00.000000000.nc,2018-03-04T14:00:00.000000000,Atmospheric River (AR),1038240,20476,0.019721836954846663,35818,15342,0.42833212351331734,0.5716678764866827
2018-03-06T02:00:00.000000000.nc,2018-03-06T02:00:00.000000000,Atmospheric River (AR),1038240,56732,0.05464247187548158,102080,45348,0.4442398119122257,0.5557601880877743
2018-03-07T03:00:00.000000000.nc,2018-03-07T03:00:00.000000000,Atmospheric River (AR),1038240,45366,0.043695099398982896,91499,46133,0.5041913026371873,0.4958086973628127
2018-03-07T13:00:00.000000000.nc,2018-03-07T13:00:00.000000000,Atmospheric River (AR),1038240,39694,0.038232008013561414,83084,43390,0.5222425497087285,0.4777574502912715
2018-03-08T01:00:00.000000000.nc,2018-03-08T01:00:00.000000000,Atmospheric River (AR),1038240,37935,0.0365377947295423,85095,47160,0.5542041248016922,0.44579587519830777
2018-03-08T05:00:00.000000000.nc,2018-03-08T05:00:00.000000000,Atmospheric River (AR),1038240,42418,0.04085567884111573,92745,50327,0.5426384171653459,0.45736158283465417
2018-03-10T12:00:00.000000000.nc,2018-03-10T12:00:00.000000000,Atmospheric River (AR),1038240,55594,0.05354638619201726,101039,45445,0.4497768188521264,0.5502231811478736
2018-03-11T09:00:00.000000000.nc,2018-03-11T09:00:00.000000000,Atmospheric River (AR),1038240,55151,0.053119702573586065,83383,28232,0.33858220500581654,0.6614177949941835
2018-03-12T17:00:00.000000000.nc,2018-03-12T17:00:00.000000000,Atmospheric River (AR),1038240,40039,0.038564301124980736,101771,61732,0.6065775122579123,0.3934224877420876
2018-03-13T00:00:00.000000000.nc,2018-03-13T00:00:00.000000000,Atmospheric River (AR),1038240,42740,0.04116581907844044,83612,40872,0.48882935463809024,0.5111706453619098
2018-03-13T02:00:00.000000000.nc,2018-03-13T02:00:00.000000000,Atmospheric River (AR),1038240,28334,0.027290414547696103,47404,19070,0.4022867268584929,0.597713273141507
2018-03-13T19:00:00.000000000.nc,2018-03-13T19:00:00.000000000,Atmospheric River (AR),1038240,50134,0.04828748651564185,90311,40177,0.4448738248939775,0.5551261751060225
2018-03-14T00:00:00.000000000.nc,2018-03-14T00:00:00.000000000,Atmospheric River (AR),1038240,55627,0.05357817075050085,104260,48633,0.4664588528678304,0.5335411471321696
2018-03-20T13:00:00.000000000.nc,2018-03-20T13:00:00.000000000,Atmospheric River (AR),1038240,32364,0.031171983356449377,57057,24693,0.43277774856722223,0.5672222514327777
2018-03-21T00:00:00.000000000.nc,2018-03-21T00:00:00.000000000,Atmospheric River (AR),1038240,44508,0.04286870087840962,73719,29211,0.3962479143775689,0.6037520856224311
2018-03-24T04:00:00.000000000.nc,2018-03-24T04:00:00.000000000,Atmospheric River (AR),1038240,53332,0.05136769918323316,70986,17654,0.248696926154453,0.7513030738455471
2018-03-25T05:00:00.000000000.nc,2018-03-25T05:00:00.000000000,Atmospheric River (AR),1038240,77531,0.07467541223609185,105397,27866,0.2643908270633889,0.7356091729366111
2018-04-03T03:00:00.000000000.nc,2018-04-03T03:00:00.000000000,Atmospheric River (AR),1038240,59898,0.057691863153028204,82589,22691,0.27474603155383887,0.7252539684461611
2018-04-04T15:00:00.000000000.nc,2018-04-04T15:00:00.000000000,Atmospheric River (AR),1038240,67637,0.06514582370164894,90305,22668,0.25101600132883006,0.7489839986711699
2018-04-06T19:00:00.000000000.nc,2018-04-06T19:00:00.000000000,Atmospheric River (AR),1038240,65246,0.06284288796424718,113899,48653,0.42715914977304453,0.5728408502269554
2018-04-09T05:00:00.000000000.nc,2018-04-09T05:00:00.000000000,Atmospheric River (AR),1038240,49713,0.04788199260286639,107315,57602,0.5367562782462844,0.4632437217537157
2018-04-09T15:00:00.000000000.nc,2018-04-09T15:00:00.000000000,Atmospheric River (AR),1038240,50356,0.048501309909076896,80563,30207,0.37494879783523455,0.6250512021647655
2018-04-10T05:00:00.000000000.nc,2018-04-10T05:00:00.000000000,Atmospheric River (AR),1038240,67373,0.06489154723378024,97118,29745,0.30627690026565624,0.6937230997343438
2018-04-10T09:00:00.000000000.nc,2018-04-10T09:00:00.000000000,Atmospheric River (AR),1038240,97070,0.0934947603636924,140055,42985,0.3069151404805255,0.6930848595194745
2018-04-14T22:00:00.000000000.nc,2018-04-14T22:00:00.000000000,Atmospheric River (AR),1038240,47408,0.04566188935120974,113618,66210,0.5827421711348554,0.4172578288651446
2018-04-15T17:00:00.000000000.nc,2018-04-15T17:00:00.000000000,Atmospheric River (AR),1038240,59898,0.057691863153028204,116713,56815,0.4867923881658427,0.5132076118341573
2018-04-16T03:00:00.000000000.nc,2018-04-16T03:00:00.000000000,Atmospheric River (AR),1038240,55172,0.0531399291108029,82609,27437,0.3321308816230677,0.6678691183769323
2018-04-17T20:00:00.000000000.nc,2018-04-17T20:00:00.000000000,Atmospheric River (AR),1038240,35674,0.034360070889197104,69556,33882,0.48711829317384553,0.5128817068261544
2018-04-18T13:00:00.000000000.nc,2018-04-18T13:00:00.000000000,Atmospheric River (AR),1038240,32089,0.03090711203575281,64037,31948,0.49889907397285943,0.5011009260271405
2018-04-18T22:00:00.000000000.nc,2018-04-18T22:00:00.000000000,Atmospheric River (AR),1038240,51899,0.04998747881029435,94570,42671,0.4512107433647034,0.5487892566352967
2018-04-19T12:00:00.000000000.nc,2018-04-19T12:00:00.000000000,Atmospheric River (AR),1038240,52281,0.05035540915395284,83815,31534,0.3762333711149556,0.6237666288850444
2018-04-21T19:00:00.000000000.nc,2018-04-21T19:00:00.000000000,Atmospheric River (AR),1038240,23152,0.02229927569733395,29082,5930,0.20390619627260848,0.7960938037273915
2018-04-23T15:00:00.000000000.nc,2018-04-23T15:00:00.000000000,Atmospheric River (AR),1038240,74496,0.07175219602404069,103396,28900,0.2795079113311927,0.7204920886688073
2018-04-28T12:00:00.000000000.nc,2018-04-28T12:00:00.000000000,Atmospheric River (AR),1038240,40685,0.039186507936507936,71148,30463,0.42816382751447685,0.5718361724855231
2018-04-30T19:00:00.000000000.nc,2018-04-30T19:00:00.000000000,Atmospheric River (AR),1038240,60197,0.057979850516258286,106361,46164,0.4340312708605598,0.5659687291394402
2018-05-01T01:00:00.000000000.nc,2018-05-01T01:00:00.000000000,Atmospheric River (AR),1038240,65276,0.06287178301741408,90451,25175,0.2783274922333639,0.721672507766636
2018-05-03T00:00:00.000000000.nc,2018-05-03T00:00:00.000000000,Atmospheric River (AR),1038240,57112,0.05500847588226229,99839,42727,0.4279590140125602,0.5720409859874398
2018-05-04T18:00:00.000000000.nc,2018-05-04T18:00:00.000000000,Atmospheric River (AR),1038240,47996,0.04622823239328094,86323,38327,0.44399522722796936,0.5560047727720306
2018-05-05T02:00:00.000000000.nc,2018-05-05T02:00:00.000000000,Atmospheric River (AR),1038240,51987,0.050072237632917245,99634,47647,0.47822028624766644,0.5217797137523336
2018-05-05T14:00:00.000000000.nc,2018-05-05T14:00:00.000000000,Atmospheric River (AR),1038240,70736,0.0681306826937895,92147,21411,0.2323569948017841,0.7676430051982159
2018-05-06T20:00:00.000000000.nc,2018-05-06T20:00:00.000000000,Atmospheric River (AR),1038240,57308,0.055197256896286025,101782,44474,0.43695348882906604,0.563046511170934
2018-05-11T09:00:00.000000000.nc,2018-05-11T09:00:00.000000000,Atmospheric River (AR),1038240,51963,0.05004912159038372,106546,54583,0.512295158898504,0.4877048411014961
2018-05-13T04:00:00.000000000.nc,2018-05-13T04:00:00.000000000,Atmospheric River (AR),1038240,54231,0.0522335876098012,67373,13142,0.19506330429103647,0.8049366957089635
2018-05-16T10:00:00.000000000.nc,2018-05-16T10:00:00.000000000,Atmospheric River (AR),1038240,63530,0.06119009092310063,114421,50891,0.4447697538039346,0.5552302461960654
2018-05-16T14:00:00.000000000.nc,2018-05-16T14:00:00.000000000,Atmospheric River (AR),1038240,46406,0.04469679457543535,81285,34879,0.42909515900842715,0.5709048409915729
2018-05-16T16:00:00.000000000.nc,2018-05-16T16:00:00.000000000,Atmospheric River (AR),1038240,63367,0.061033094467560486,107189,43822,0.40882926419688587,0.5911707358031141
2018-05-16T20:00:00.000000000.nc,2018-05-16T20:00:00.000000000,Atmospheric River (AR),1038240,64128,0.061766065649560796,103472,39344,0.3802381320550487,0.6197618679449513
2018-05-16T23:00:00.000000000.nc,2018-05-16T23:00:00.000000000,Atmospheric River (AR),1038240,49055,0.04724822777007243,111415,62360,0.5597091953507158,0.4402908046492842
2018-05-17T13:00:00.000000000.nc,2018-05-17T13:00:00.000000000,Atmospheric River (AR),1038240,44222,0.04259323470488519,100002,55780,0.5577888442231156,0.44221115577688447
2018-05-17T18:00:00.000000000.nc,2018-05-17T18:00:00.000000000,Atmospheric River (AR),1038240,86286,0.08310795191863153,113026,26740,0.23658273317643727,0.7634172668235627
2018-05-17T20:00:00.000000000.nc,2018-05-17T20:00:00.000000000,Atmospheric River (AR),1038240,50899,0.04902431037139775,112061,61162,0.5457920239869357,0.45420797601306434
2018-05-21T04:00:00.000000000.nc,2018-05-21T04:00:00.000000000,Atmospheric River (AR),1038240,61160,0.0589073817229157,80184,19024,0.23725431507532674,0.7627456849246732
2018-05-22T21:00:00.000000000.nc,2018-05-22T21:00:00.000000000,Atmospheric River (AR),1038240,66469,0.06402084296501773,110988,44519,0.4011154359029805,0.5988845640970195
2018-05-26T10:00:00.000000000.nc,2018-05-26T10:00:00.000000000,Atmospheric River (AR),1038240,30486,0.029363153028201572,70917,40431,0.5701171792377004,0.4298828207622996
2018-05-27T23:00:00.000000000.nc,2018-05-27T23:00:00.000000000,Atmospheric River (AR),1038240,22236,0.021417013407304668,44614,22378,0.5015914286995113,0.49840857130048866
2018-05-28T01:00:00.000000000.nc,2018-05-28T01:00:00.000000000,Atmospheric River (AR),1038240,45350,0.04367968870396055,96149,50799,0.5283362281458985,0.47166377185410147
2018-05-29T08:00:00.000000000.nc,2018-05-29T08:00:00.000000000,Atmospheric River (AR),1038240,60200,0.057982740021574976,79600,19400,0.24371859296482412,0.7562814070351759
2018-06-01T07:00:00.000000000.nc,2018-06-01T07:00:00.000000000,Atmospheric River (AR),1038240,54607,0.05259573894282632,82970,28363,0.34184645052428586,0.6581535494757141
2018-06-01T16:00:00.000000000.nc,2018-06-01T16:00:00.000000000,Atmospheric River (AR),1038240,49247,0.047433156110340574,108034,58787,0.5441527667215876,0.45584723327841237
2018-06-03T05:00:00.000000000.nc,2018-06-03T05:00:00.000000000,Atmospheric River (AR),1038240,37030,0.035666127292340886,82764,45734,0.5525832487554976,0.4474167512445024
2018-06-03T11:00:00.000000000.nc,2018-06-03T11:00:00.000000000,Atmospheric River (AR),1038240,61440,0.05917706888580675,101972,40532,0.397481661632605,0.602518338367395
2018-06-03T19:00:00.000000000.nc,2018-06-03T19:00:00.000000000,Atmospheric River (AR),1038240,37534,0.03615156418554477,74135,36601,0.4937074256424091,0.5062925743575909
2018-06-03T22:00:00.000000000.nc,2018-06-03T22:00:00.000000000,Atmospheric River (AR),1038240,63987,0.061630258899676375,97327,33340,0.3425565362129728,0.6574434637870272
2018-06-05T13:00:00.000000000.nc,2018-06-05T13:00:00.000000000,Atmospheric River (AR),1038240,75035,0.07227134381260594,104303,29268,0.2806055434647134,0.7193944565352867
2018-06-10T23:00:00.000000000.nc,2018-06-10T23:00:00.000000000,Atmospheric River (AR),1038240,20696,0.019933734011403914,32358,11662,0.36040546387292166,0.6395945361270783
2018-06-13T11:00:00.000000000.nc,2018-06-13T11:00:00.000000000,Atmospheric River (AR),1038240,51006,0.04912736939435969,99290,48284,0.4862926780138987,0.5137073219861014
2018-06-14T11:00:00.000000000.nc,2018-06-14T11:00:00.000000000,Atmospheric River (AR),1038240,24640,0.023732470334412083,49850,25210,0.5057171514543631,0.4942828485456369
2018-06-16T18:00:00.000000000.nc,2018-06-16T18:00:00.000000000,Atmospheric River (AR),1038240,52923,0.050973763291724455,84816,31893,0.3760257498585173,0.6239742501414828
2018-06-17T14:00:00.000000000.nc,2018-06-17T14:00:00.000000000,Atmospheric River (AR),1038240,62991,0.06067094313453537,84294,21303,0.25272261370916077,0.7472773862908392
2018-06-18T15:00:00.000000000.nc,2018-06-18T15:00:00.000000000,Atmospheric River (AR),1038240,50591,0.0487276544922176,95545,44954,0.47050081113611386,0.5294991888638861
2018-06-19T06:00:00.000000000.nc,2018-06-19T06:00:00.000000000,Atmospheric River (AR),1038240,30151,0.02904049160117121,94877,64726,0.6822095976896403,0.3177904023103597
2018-06-19T13:00:00.000000000.nc,2018-06-19T13:00:00.000000000,Atmospheric River (AR),1038240,51275,0.04938646170442287,87187,35912,0.4118962689391767,0.5881037310608233
2018-06-21T01:00:00.000000000.nc,2018-06-21T01:00:00.000000000,Atmospheric River (AR),1038240,16047,0.015455963938973648,34002,17955,0.5280571731074643,0.47194282689253575
2018-06-22T11:00:00.000000000.nc,2018-06-22T11:00:00.000000000,Atmospheric River (AR),1038240,71517,0.06888291724456773,120129,48612,0.40466498514097343,0.5953350148590265
2018-06-23T08:00:00.000000000.nc,2018-06-23T08:00:00.000000000,Atmospheric River (AR),1038240,24714,0.02380374479889043,56263,31549,0.5607415175159519,0.43925848248404814
2018-06-24T09:00:00.000000000.nc,2018-06-24T09:00:00.000000000,Atmospheric River (AR),1038240,53684,0.051706734473724765,95217,41533,0.43619311677536576,0.5638068832246342
2018-06-27T09:00:00.000000000.nc,2018-06-27T09:00:00.000000000,Atmospheric River (AR),1038240,67982,0.06547811681306827,112119,44137,0.393662091170988,0.6063379088290121
2018-06-27T17:00:00.000000000.nc,2018-06-27T17:00:00.000000000,Atmospheric River (AR),1038240,35154,0.033859223300970874,74084,38930,0.5254845850656013,0.4745154149343988
2018-06-28T10:00:00.000000000.nc,2018-06-28T10:00:00.000000000,Atmospheric River (AR),1038240,39840,0.038372630605640314,76631,36791,0.4801059623390012,0.5198940376609988
2018-06-30T17:00:00.000000000.nc,2018-06-30T17:00:00.000000000,Atmospheric River (AR),1038240,32222,0.03103521343812606,57505,25283,0.4396661159899139,0.5603338840100861
2018-07-01T03:00:00.000000000.nc,2018-07-01T03:00:00.000000000,Atmospheric River (AR),1038240,38977,0.037541416242872556,73566,34589,0.4701764402033548,0.5298235597966452
2018-07-01T11:00:00.000000000.nc,2018-07-01T11:00:00.000000000,Atmospheric River (AR),1038240,76684,0.07385960856834643,96085,19401,0.20191497111932144,0.7980850288806786
2018-07-03T23:00:00.000000000.nc,2018-07-03T23:00:00.000000000,Atmospheric River (AR),1038240,67478,0.06499267991986439,105152,37674,0.35828134510042603,0.6417186548995739
2018-07-04T19:00:00.000000000.nc,2018-07-04T19:00:00.000000000,Atmospheric River (AR),1038240,70520,0.06792263831098783,133954,63434,0.47355062185526375,0.5264493781447362
2018-07-04T23:00:00.000000000.nc,2018-07-04T23:00:00.000000000,Atmospheric River (AR),1038240,75706,0.07291762983510557,128646,52940,0.41151687576761037,0.5884831242323897
2018-07-05T11:00:00.000000000.nc,2018-07-05T11:00:00.000000000,Atmospheric River (AR),1038240,41847,0.04030570966250578,87162,45315,0.5198939905004475,0.48010600949955257
2018-07-09T06:00:00.000000000.nc,2018-07-09T06:00:00.000000000,Atmospheric River (AR),1038240,26371,0.025399714902142087,43302,16931,0.39099810632303356,0.6090018936769664
2018-07-10T16:00:00.000000000.nc,2018-07-10T16:00:00.000000000,Atmospheric River (AR),1038240,26025,0.025066458622283867,68144,42119,0.6180881662362057,0.38191183376379434
2018-07-11T22:00:00.000000000.nc,2018-07-11T22:00:00.000000000,Atmospheric River (AR),1038240,35310,0.034009477577438746,76496,41186,0.5384072369797114,0.4615927630202886
2018-07-12T15:00:00.000000000.nc,2018-07-12T15:00:00.000000000,Atmospheric River (AR),1038240,37714,0.03632493450454616,72651,34937,0.4808880813753424,0.5191119186246577
2018-07-15T00:00:00.000000000.nc,2018-07-15T00:00:00.000000000,Atmospheric River (AR),1038240,44892,0.04323855755894591,76612,31720,0.41403435493134233,0.5859656450686577
2018-07-15T10:00:00.000000000.nc,2018-07-15T10:00:00.000000000,Atmospheric River (AR),1038240,20640,0.019879796578825704,39866,19226,0.4822655897255807,0.5177344102744194
2018-07-16T12:00:00.000000000.nc,2018-07-16T12:00:00.000000000,Atmospheric River (AR),1038240,37071,0.03570561719833564,70644,33573,0.4752420587735689,0.5247579412264312
2018-07-16T17:00:00.000000000.nc,2018-07-16T17:00:00.000000000,Atmospheric River (AR),1038240,44982,0.0433252427184466,82938,37956,0.45764305867033206,0.5423569413296679
2018-07-18T12:00:00.000000000.nc,2018-07-18T12:00:00.000000000,Atmospheric River (AR),1038240,66814,0.06435313607643704,104157,37343,0.35852607121940916,0.6414739287805908
2018-07-18T22:00:00.000000000.nc,2018-07-18T22:00:00.000000000,Atmospheric River (AR),1038240,48218,0.04644205578671598,84155,35937,0.42703345018121325,0.5729665498187868
2018-07-22T13:00:00.000000000.nc,2018-07-22T13:00:00.000000000,Atmospheric River (AR),1038240,34304,0.033040530127908765,70264,35960,0.5117841284299215,0.48821587157007856
2018-07-24T16:00:00.000000000.nc,2018-07-24T16:00:00.000000000,Atmospheric River (AR),1038240,55431,0.05338938973647712,78113,22682,0.29037420147734694,0.7096257985226531
2018-08-02T00:00:00.000000000.nc,2018-08-02T00:00:00.000000000,Atmospheric River (AR),1038240,33783,0.03253871937124364,69568,35785,0.5143887994480221,0.48561120055197793
2018-08-02T19:00:00.000000000.nc,2018-08-02T19:00:00.000000000,Atmospheric River (AR),1038240,28762,0.027702650639543844,53210,24448,0.45946250704754743,0.5405374929524526
2018-08-03T02:00:00.000000000.nc,2018-08-03T02:00:00.000000000,Atmospheric River (AR),1038240,20608,0.019848975188781013,41515,20907,0.503601108033241,0.496398891966759
2018-08-03T03:00:00.000000000.nc,2018-08-03T03:00:00.000000000,Atmospheric River (AR),1038240,41026,0.039514948374171674,73844,32818,0.4444233790152213,0.5555766209847787
2018-08-03T23:00:00.000000000.nc,2018-08-03T23:00:00.000000000,Atmospheric River (AR),1038240,40614,0.03911812297734628,81750,41136,0.5031926605504587,0.4968073394495413
2018-08-06T02:00:00.000000000.nc,2018-08-06T02:00:00.000000000,Atmospheric River (AR),1038240,74002,0.07127639081522577,125153,51151,0.40870774172412966,0.5912922582758703
2018-08-07T11:00:00.000000000.nc,2018-08-07T11:00:00.000000000,Atmospheric River (AR),1038240,53056,0.05110186469409771,92962,39906,0.4292721757277167,0.5707278242722833
2018-08-08T11:00:00.000000000.nc,2018-08-08T11:00:00.000000000,Atmospheric River (AR),1038240,50987,0.04910906919402065,69854,18867,0.27009190597531996,0.72990809402468
2018-08-11T11:00:00.000000000.nc,2018-08-11T11:00:00.000000000,Atmospheric River (AR),1038240,67371,0.06488962089690245,115478,48107,0.41659017301996915,0.5834098269800309
2018-08-11T17:00:00.000000000.nc,2018-08-11T17:00:00.000000000,Atmospheric River (AR),1038240,56391,0.05431403143781784,122665,66274,0.5402845147352545,0.4597154852647454
2018-08-11T22:00:00.000000000.nc,2018-08-11T22:00:00.000000000,Atmospheric River (AR),1038240,72106,0.06945022345507783,142523,70417,0.49407464058432676,0.5059253594156733
2018-08-12T18:00:00.000000000.nc,2018-08-12T18:00:00.000000000,Atmospheric River (AR),1038240,71265,0.06864019879796579,116674,45409,0.3891955362805766,0.6108044637194233
2018-08-14T13:00:00.000000000.nc,2018-08-14T13:00:00.000000000,Atmospheric River (AR),1038240,61955,0.0596731006318385,121369,59414,0.4895319233082583,0.5104680766917418
2018-08-15T01:00:00.000000000.nc,2018-08-15T01:00:00.000000000,Atmospheric River (AR),1038240,65012,0.06261750654954538,123744,58732,0.4746250323247996,0.5253749676752004
2018-08-16T19:00:00.000000000.nc,2018-08-16T19:00:00.000000000,Atmospheric River (AR),1038240,44627,0.04298331792263831,87733,43106,0.4913316539956459,0.5086683460043541
2018-08-17T01:00:00.000000000.nc,2018-08-17T01:00:00.000000000,Atmospheric River (AR),1038240,32785,0.03157747726922484,57430,24645,0.4291311161413895,0.5708688838586105
2018-08-17T18:00:00.000000000.nc,2018-08-17T18:00:00.000000000,Atmospheric River (AR),1038240,57667,0.0555430343658499,109713,52046,0.4743831633443621,0.5256168366556379
2018-08-18T04:00:00.000000000.nc,2018-08-18T04:00:00.000000000,Atmospheric River (AR),1038240,27886,0.026858915087070428,53638,25752,0.4801073865543085,0.5198926134456915
2018-08-18T09:00:00.000000000.nc,2018-08-18T09:00:00.000000000,Atmospheric River (AR),1038240,56239,0.05416762983510556,109171,52932,0.48485403632832896,0.5151459636716711
2018-08-24T07:00:00.000000000.nc,2018-08-24T07:00:00.000000000,Atmospheric River (AR),1038240,40351,0.03886480967791647,64887,24536,0.3781342950051628,0.6218657049948372
2018-08-26T16:00:00.000000000.nc,2018-08-26T16:00:00.000000000,Atmospheric River (AR),1038240,59238,0.05705617198335645,100305,41067,0.409421265141319,0.5905787348586811
2018-08-30T06:00:00.000000000.nc,2018-08-30T06:00:00.000000000,Atmospheric River (AR),1038240,64381,0.062009747264601636,109739,45358,0.4133261648092292,0.5866738351907709
2018-09-02T21:00:00.000000000.nc,2018-09-02T21:00:00.000000000,Atmospheric River (AR),1038240,48061,0.046290838341809214,103934,55873,0.5375815421325072,0.4624184578674928
2018-09-03T01:00:00.000000000.nc,2018-09-03T01:00:00.000000000,Atmospheric River (AR),1038240,46594,0.04487787024194791,89424,42830,0.47895419574163534,0.5210458042583647
2018-09-04T05:00:00.000000000.nc,2018-09-04T05:00:00.000000000,Atmospheric River (AR),1038240,48951,0.04714805825242718,93051,44100,0.47393364928909953,0.5260663507109005
2018-09-07T14:00:00.000000000.nc,2018-09-07T14:00:00.000000000,Atmospheric River (AR),1038240,38757,0.0373295191863153,67302,28545,0.42413301239190515,0.5758669876080948
2018-09-08T20:00:00.000000000.nc,2018-09-08T20:00:00.000000000,Atmospheric River (AR),1038240,59909,0.057702458005856064,112387,52478,0.46694012652708944,0.5330598734729106
2018-09-09T18:00:00.000000000.nc,2018-09-09T18:00:00.000000000,Atmospheric River (AR),1038240,49466,0.04764408999845893,105261,55795,0.5300633662990091,0.46993663370099087
2018-09-09T19:00:00.000000000.nc,2018-09-09T19:00:00.000000000,Atmospheric River (AR),1038240,70419,0.06782535829865927,133612,63193,0.47295901565727627,0.5270409843427237
2018-09-10T21:00:00.000000000.nc,2018-09-10T21:00:00.000000000,Atmospheric River (AR),1038240,55348,0.0533094467560487,77526,22178,0.2860717694708872,0.7139282305291128
2018-09-11T15:00:00.000000000.nc,2018-09-11T15:00:00.000000000,Atmospheric River (AR),1038240,22029,0.021217637540453076,44001,21972,0.4993522874480125,0.5006477125519875
2018-09-15T20:00:00.000000000.nc,2018-09-15T20:00:00.000000000,Atmospheric River (AR),1038240,41100,0.03958622283865002,69585,28485,0.4093554645397715,0.5906445354602285
2018-09-16T21:00:00.000000000.nc,2018-09-16T21:00:00.000000000,Atmospheric River (AR),1038240,36844,0.03548697796270612,69998,33154,0.473642104060116,0.526357895939884
2018-09-17T05:00:00.000000000.nc,2018-09-17T05:00:00.000000000,Atmospheric River (AR),1038240,38217,0.03680940822931114,64441,26224,0.4069458884871433,0.5930541115128567
2018-09-17T22:00:00.000000000.nc,2018-09-17T22:00:00.000000000,Atmospheric River (AR),1038240,71049,0.06843215441516412,105772,34723,0.32828158680936353,0.6717184131906364
2018-09-18T07:00:00.000000000.nc,2018-09-18T07:00:00.000000000,Atmospheric River (AR),1038240,72918,0.07023231622746186,89137,16219,0.18195586568989308,0.8180441343101069
2018-09-18T16:00:00.000000000.nc,2018-09-18T16:00:00.000000000,Atmospheric River (AR),1038240,59886,0.05768030513176144,103224,43338,0.4198442222738898,0.5801557777261102
2018-09-18T22:00:00.000000000.nc,2018-09-18T22:00:00.000000000,Atmospheric River (AR),1038240,40584,0.03908922792417938,72446,31862,0.4398034398034398,0.5601965601965602
2018-09-22T15:00:00.000000000.nc,2018-09-22T15:00:00.000000000,Atmospheric River (AR),1038240,55908,0.05384882108183079,95745,39837,0.4160739464201786,0.5839260535798214
2018-09-23T17:00:00.000000000.nc,2018-09-23T17:00:00.000000000,Atmospheric River (AR),1038240,40829,0.03932520419170905,64163,23334,0.3636675342487103,0.6363324657512897
2018-09-25T12:00:00.000000000.nc,2018-09-25T12:00:00.000000000,Atmospheric River (AR),1038240,44508,0.04286870087840962,92349,47841,0.5180456745606341,0.4819543254393659
2018-09-26T08:00:00.000000000.nc,2018-09-26T08:00:00.000000000,Atmospheric River (AR),1038240,38442,0.037026121128062875,74468,36026,0.4837782671751625,0.5162217328248375
2018-09-28T10:00:00.000000000.nc,2018-09-28T10:00:00.000000000,Atmospheric River (AR),1038240,61972,0.05968947449529974,104702,42730,0.408110637810166,0.591889362189834
2018-09-28T13:00:00.000000000.nc,2018-09-28T13:00:00.000000000,Atmospheric River (AR),1038240,40391,0.03890333641547234,71963,31572,0.4387254561371816,0.5612745438628184
2018-09-28T23:00:00.000000000.nc,2018-09-28T23:00:00.000000000,Atmospheric River (AR),1038240,46233,0.04453016643550624,109842,63609,0.5790954279783689,0.42090457202163106
2018-09-29T01:00:00.000000000.nc,2018-09-29T01:00:00.000000000,Atmospheric River (AR),1038240,57691,0.05556615040838342,82944,25253,0.3044584297839506,0.6955415702160493
2018-09-29T06:00:00.000000000.nc,2018-09-29T06:00:00.000000000,Atmospheric River (AR),1038240,67553,0.06506491755278163,125067,57514,0.4598655120855222,0.5401344879144778
2018-10-03T03:00:00.000000000.nc,2018-10-03T03:00:00.000000000,Atmospheric River (AR),1038240,61528,0.05926182770842965,115700,54172,0.46821089023336215,0.5317891097666378
2018-10-04T21:00:00.000000000.nc,2018-10-04T21:00:00.000000000,Atmospheric River (AR),1038240,46059,0.04436257512713823,93573,47514,0.5077746785931839,0.4922253214068161
2018-10-06T15:00:00.000000000.nc,2018-10-06T15:00:00.000000000,Atmospheric River (AR),1038240,36700,0.03534828170750501,70626,33926,0.48036134001642455,0.5196386599835755
2018-10-08T12:00:00.000000000.nc,2018-10-08T12:00:00.000000000,Atmospheric River (AR),1038240,49656,0.047827092001849286,69979,20323,0.29041569613741264,0.7095843038625873
2018-10-09T04:00:00.000000000.nc,2018-10-09T04:00:00.000000000,Atmospheric River (AR),1038240,67671,0.06517857142857143,101365,33694,0.33240270310264886,0.6675972968973511
2018-10-10T18:00:00.000000000.nc,2018-10-10T18:00:00.000000000,Atmospheric River (AR),1038240,57962,0.055827169055324394,84164,26202,0.3113207547169811,0.6886792452830188
2018-10-12T03:00:00.000000000.nc,2018-10-12T03:00:00.000000000,Atmospheric River (AR),1038240,41978,0.04043188472800123,69603,27625,0.39689381204833124,0.6031061879516687
2018-10-12T17:00:00.000000000.nc,2018-10-12T17:00:00.000000000,Atmospheric River (AR),1038240,57103,0.05499980736631222,92418,35315,0.3821225302430262,0.6178774697569738
2018-10-15T00:00:00.000000000.nc,2018-10-15T00:00:00.000000000,Atmospheric River (AR),1038240,59670,0.05747226074895978,145822,86152,0.5908024852217086,0.40919751477829136
2018-10-20T20:00:00.000000000.nc,2018-10-20T20:00:00.000000000,Atmospheric River (AR),1038240,46767,0.045044498381877025,81586,34819,0.42677665285710786,0.5732233471428921
2018-10-21T11:00:00.000000000.nc,2018-10-21T11:00:00.000000000,Atmospheric River (AR),1038240,23069,0.022219332716905533,44553,21484,0.48221219670953697,0.517787803290463
2018-10-21T17:00:00.000000000.nc,2018-10-21T17:00:00.000000000,Atmospheric River (AR),1038240,58194,0.0560506241331484,100190,41996,0.41916358918055696,0.580836410819443
2018-10-23T01:00:00.000000000.nc,2018-10-23T01:00:00.000000000,Atmospheric River (AR),1038240,58888,0.05671906302974264,86639,27751,0.32030609771580926,0.6796939022841907
2018-10-27T07:00:00.000000000.nc,2018-10-27T07:00:00.000000000,Atmospheric River (AR),1038240,46762,0.04503968253968254,79135,32373,0.4090857395589815,0.5909142604410185
2018-10-27T10:00:00.000000000.nc,2018-10-27T10:00:00.000000000,Atmospheric River (AR),1038240,49036,0.0472299275697334,96127,47091,0.4898831753825668,0.5101168246174332
2018-10-27T20:00:00.000000000.nc,2018-10-27T20:00:00.000000000,Atmospheric River (AR),1038240,40099,0.038622091231314534,60743,20644,0.3398580906441895,0.6601419093558105
2018-10-29T01:00:00.000000000.nc,2018-10-29T01:00:00.000000000,Atmospheric River (AR),1038240,65105,0.06270708121436276,123318,58213,0.4720559853387178,0.5279440146612823
2018-10-29T20:00:00.000000000.nc,2018-10-29T20:00:00.000000000,Atmospheric River (AR),1038240,31193,0.030044113114501465,64034,32841,0.5128681637879876,0.4871318362120124
2018-10-31T21:00:00.000000000.nc,2018-10-31T21:00:00.000000000,Atmospheric River (AR),1038240,66261,0.06382050392972723,112038,45777,0.4085845873721416,0.5914154126278584
2018-11-02T12:00:00.000000000.nc,2018-11-02T12:00:00.000000000,Atmospheric River (AR),1038240,82655,0.079610687316998,112315,29660,0.2640787072074077,0.7359212927925922
2018-11-03T05:00:00.000000000.nc,2018-11-03T05:00:00.000000000,Atmospheric River (AR),1038240,51750,0.04984396671289875,99548,47798,0.48015027926226544,0.5198497207377346
2018-11-04T08:00:00.000000000.nc,2018-11-04T08:00:00.000000000,Atmospheric River (AR),1038240,49050,0.04724341192787795,77188,28138,0.3645385293050733,0.6354614706949266
2018-11-04T17:00:00.000000000.nc,2018-11-04T17:00:00.000000000,Atmospheric River (AR),1038240,68578,0.06605216520265064,92399,23821,0.25780582040931177,0.7421941795906882
2018-11-07T04:00:00.000000000.nc,2018-11-07T04:00:00.000000000,Atmospheric River (AR),1038240,30413,0.02929284173216212,64761,34348,0.5303809391454734,0.46961906085452665
2018-11-07T05:00:00.000000000.nc,2018-11-07T05:00:00.000000000,Atmospheric River (AR),1038240,55805,0.05374961473262444,81427,25622,0.31466221277954487,0.6853377872204551
2018-11-08T16:00:00.000000000.nc,2018-11-08T16:00:00.000000000,Atmospheric River (AR),1038240,57245,0.055136577284635536,101972,44727,0.4386204056015377,0.5613795943984623
2018-11-10T20:00:00.000000000.nc,2018-11-10T20:00:00.000000000,Atmospheric River (AR),1038240,54861,0.052840383726306055,101230,46369,0.4580559122789687,0.5419440877210313
2018-11-11T03:00:00.000000000.nc,2018-11-11T03:00:00.000000000,Atmospheric River (AR),1038240,58718,0.05655532439513022,88200,29482,0.33426303854875283,0.6657369614512472
2018-11-16T06:00:00.000000000.nc,2018-11-16T06:00:00.000000000,Atmospheric River (AR),1038240,44531,0.04289085375250424,84376,39845,0.47223144021996777,0.5277685597800322
2018-11-18T08:00:00.000000000.nc,2018-11-18T08:00:00.000000000,Atmospheric River (AR),1038240,50823,0.04895110957004161,86457,35634,0.41215864533814495,0.587841354661855
2018-11-21T02:00:00.000000000.nc,2018-11-21T02:00:00.000000000,Atmospheric River (AR),1038240,56734,0.05464439821235938,100324,43590,0.43449224512579243,0.5655077548742076
2018-11-21T09:00:00.000000000.nc,2018-11-21T09:00:00.000000000,Atmospheric River (AR),1038240,38902,0.03746917860995531,95219,56317,0.5914470851405706,0.4085529148594293
2018-11-25T23:00:00.000000000.nc,2018-11-25T23:00:00.000000000,Atmospheric River (AR),1038240,53675,0.051698065957774694,92762,39087,0.4213686638925422,0.5786313361074578
2018-11-26T10:00:00.000000000.nc,2018-11-26T10:00:00.000000000,Atmospheric River (AR),1038240,54784,0.05276621975651102,84224,29440,0.3495440729483283,0.6504559270516718
2018-11-28T01:00:00.000000000.nc,2018-11-28T01:00:00.000000000,Atmospheric River (AR),1038240,96179,0.09263657728463554,114984,18805,0.1635444931468726,0.8364555068531274
2018-11-28T08:00:00.000000000.nc,2018-11-28T08:00:00.000000000,Atmospheric River (AR),1038240,50364,0.04850901525658807,75581,25217,0.3336420528968921,0.6663579471031079
2018-11-29T04:00:00.000000000.nc,2018-11-29T04:00:00.000000000,Atmospheric River (AR),1038240,36386,0.035045846817691476,55586,19200,0.34541071492821934,0.6545892850717807
2018-11-29T20:00:00.000000000.nc,2018-11-29T20:00:00.000000000,Atmospheric River (AR),1038240,35154,0.033859223300970874,71724,36570,0.5098711728291785,0.49012882717082146
2018-12-01T05:00:00.000000000.nc,2018-12-01T05:00:00.000000000,Atmospheric River (AR),1038240,56789,0.05469737247649869,88277,31488,0.35669540197333394,0.6433045980266661
2018-12-02T07:00:00.000000000.nc,2018-12-02T07:00:00.000000000,Atmospheric River (AR),1038240,61263,0.05900658807212205,86401,25138,0.2909457066469138,0.7090542933530862
2018-12-04T13:00:00.000000000.nc,2018-12-04T13:00:00.000000000,Atmospheric River (AR),1038240,52876,0.05092849437509632,113642,60766,0.5347142781718027,0.46528572182819733
2018-12-06T10:00:00.000000000.nc,2018-12-06T10:00:00.000000000,Atmospheric River (AR),1038240,37009,0.035645900755124055,74603,37594,0.5039207538570835,0.4960792461429165
2018-12-06T19:00:00.000000000.nc,2018-12-06T19:00:00.000000000,Atmospheric River (AR),1038240,46793,0.045069540761288336,62572,15779,0.25217349613245543,0.7478265038675446
2018-12-07T06:00:00.000000000.nc,2018-12-07T06:00:00.000000000,Atmospheric River (AR),1038240,50568,0.048705501618122975,85792,35224,0.4105744125326371,0.589425587467363
2018-12-09T00:00:00.000000000.nc,2018-12-09T00:00:00.000000000,Atmospheric River (AR),1038240,53605,0.05163064416705193,102198,48593,0.47547897219123664,0.5245210278087634
2018-12-09T05:00:00.000000000.nc,2018-12-09T05:00:00.000000000,Atmospheric River (AR),1038240,64212,0.06184697179842811,110718,46506,0.42004010188045304,0.579959898119547
2018-12-09T17:00:00.000000000.nc,2018-12-09T17:00:00.000000000,Atmospheric River (AR),1038240,60577,0.05834585452303899,115979,55402,0.47768992662464754,0.5223100733753524
2018-12-11T05:00:00.000000000.nc,2018-12-11T05:00:00.000000000,Atmospheric River (AR),1038240,55185,0.05315245030050855,79965,24780,0.30988557493903585,0.6901144250609642
2018-12-11T11:00:00.000000000.nc,2018-12-11T11:00:00.000000000,Atmospheric River (AR),1038240,22830,0.021989135460009246,51991,29161,0.5608855378815564,0.43911446211844357
2018-12-11T13:00:00.000000000.nc,2018-12-11T13:00:00.000000000,Atmospheric River (AR),1038240,64928,0.06253660040067807,99058,34130,0.3445456197379313,0.6554543802620687
2018-12-15T00:00:00.000000000.nc,2018-12-15T00:00:00.000000000,Atmospheric River (AR),1038240,68130,0.06562066574202496,125467,57337,0.456988690253214,0.543011309746786
2018-12-16T03:00:00.000000000.nc,2018-12-16T03:00:00.000000000,Atmospheric River (AR),1038240,32960,0.031746031746031744,61411,28451,0.4632883359658693,0.5367116640341307
2018-12-17T19:00:00.000000000.nc,2018-12-17T19:00:00.000000000,Atmospheric River (AR),1038240,43985,0.0423649637848667,103518,59533,0.5750980505805754,0.42490194941942466
2018-12-21T21:00:00.000000000.nc,2018-12-21T21:00:00.000000000,Atmospheric River (AR),1038240,48463,0.046678032054245644,75316,26853,0.3565377874555207,0.6434622125444792
2018-12-22T03:00:00.000000000.nc,2018-12-22T03:00:00.000000000,Atmospheric River (AR),1038240,44818,0.04316728309446756,65280,20462,0.3134497549019608,0.6865502450980392
2018-12-23T21:00:00.000000000.nc,2018-12-23T21:00:00.000000000,Atmospheric River (AR),1038240,39231,0.03778606102635229,83120,43889,0.5280197305101059,0.47198026948989413
2018-12-24T02:00:00.000000000.nc,2018-12-24T02:00:00.000000000,Atmospheric River (AR),1038240,50350,0.04849553089844352,84820,34470,0.40639000235793443,0.5936099976420656
2018-12-26T03:00:00.000000000.nc,2018-12-26T03:00:00.000000000,Atmospheric River (AR),1038240,45958,0.04426529511480968,63080,17122,0.27143310082435,0.72856689917565
2018-12-26T08:00:00.000000000.nc,2018-12-26T08:00:00.000000000,Atmospheric River (AR),1038240,33511,0.03227673755586377,73027,39516,0.5411149300943486,0.4588850699056513
2018-12-27T20:00:00.000000000.nc,2018-12-27T20:00:00.000000000,Atmospheric River (AR),1038240,45198,0.043533287101248264,100385,55187,0.5497534492205011,0.45024655077949893
2018-12-28T19:00:00.000000000.nc,2018-12-28T19:00:00.000000000,Atmospheric River (AR),1038240,36141,0.03480987055016181,66076,29935,0.4530389248743871,0.546961075125613
2019-01-01T05:00:00.000000000.nc,2019-01-01T05:00:00.000000000,Atmospheric River (AR),1038240,55061,0.05303301741408537,91629,36568,0.39908762509685797,0.600912374903142
2019-01-01T21:00:00.000000000.nc,2019-01-01T21:00:00.000000000,Atmospheric River (AR),1038240,46245,0.044541724456773,79104,32859,0.4153898665048544,0.5846101334951457
2019-01-04T06:00:00.000000000.nc,2019-01-04T06:00:00.000000000,Atmospheric River (AR),1038240,40970,0.03946101094159347,75109,34139,0.4545260887510152,0.5454739112489848
2019-01-05T09:00:00.000000000.nc,2019-01-05T09:00:00.000000000,Atmospheric River (AR),1038240,53115,0.0511586916319926,86597,33482,0.3866415695693846,0.6133584304306153
2019-01-05T13:00:00.000000000.nc,2019-01-05T13:00:00.000000000,Atmospheric River (AR),1038240,39634,0.038174217907227616,77648,38014,0.48956830826293013,0.5104316917370698
2019-01-07T16:00:00.000000000.nc,2019-01-07T16:00:00.000000000,Atmospheric River (AR),1038240,42980,0.04139697950377562,76638,33658,0.4391816070356742,0.5608183929643258
2019-01-10T10:00:00.000000000.nc,2019-01-10T10:00:00.000000000,Atmospheric River (AR),1038240,58987,0.0568144167051934,110520,51533,0.4662775968150561,0.5337224031849439
2019-01-13T10:00:00.000000000.nc,2019-01-13T10:00:00.000000000,Atmospheric River (AR),1038240,44715,0.04306807674526121,86260,41545,0.481625318803617,0.5183746811963831
2019-01-15T14:00:00.000000000.nc,2019-01-15T14:00:00.000000000,Atmospheric River (AR),1038240,48092,0.04632069656341501,80058,31966,0.3992855179994504,0.6007144820005496
2019-01-15T21:00:00.000000000.nc,2019-01-15T21:00:00.000000000,Atmospheric River (AR),1038240,57006,0.05490638002773925,91623,34617,0.37781997969942044,0.6221800203005795
2019-01-16T12:00:00.000000000.nc,2019-01-16T12:00:00.000000000,Atmospheric River (AR),1038240,46998,0.04526699029126213,61923,14925,0.24102514413061382,0.7589748558693862
2019-01-17T03:00:00.000000000.nc,2019-01-17T03:00:00.000000000,Atmospheric River (AR),1038240,37302,0.035928109107720756,106482,69180,0.6496872710880712,0.3503127289119288
2019-01-18T21:00:00.000000000.nc,2019-01-18T21:00:00.000000000,Atmospheric River (AR),1038240,30242,0.029128139929110803,51813,21571,0.4163240885492058,0.5836759114507942
2019-01-20T09:00:00.000000000.nc,2019-01-20T09:00:00.000000000,Atmospheric River (AR),1038240,44005,0.04238422715364463,78923,34918,0.44243123043979576,0.5575687695602043
2019-01-20T10:00:00.000000000.nc,2019-01-20T10:00:00.000000000,Atmospheric River (AR),1038240,40142,0.038663507474187085,73867,33725,0.45656382417046854,0.5434361758295314
2019-01-21T16:00:00.000000000.nc,2019-01-21T16:00:00.000000000,Atmospheric River (AR),1038240,67383,0.06490117891816921,117956,50573,0.428744616636712,0.571255383363288
2019-01-22T00:00:00.000000000.nc,2019-01-22T00:00:00.000000000,Atmospheric River (AR),1038240,50264,0.048412698412698414,92105,41841,0.4542750122143206,0.5457249877856793
2019-01-24T07:00:00.000000000.nc,2019-01-24T07:00:00.000000000,Atmospheric River (AR),1038240,43440,0.04184003698566805,66222,22782,0.3440246443780013,0.6559753556219987
2019-01-27T01:00:00.000000000.nc,2019-01-27T01:00:00.000000000,Atmospheric River (AR),1038240,55867,0.05380933117583603,121197,65330,0.5390397452082147,0.46096025479178526
2019-01-28T13:00:00.000000000.nc,2019-01-28T13:00:00.000000000,Atmospheric River (AR),1038240,26354,0.025383341038680843,61983,35629,0.5748189019569883,0.4251810980430118
2019-01-28T17:00:00.000000000.nc,2019-01-28T17:00:00.000000000,Atmospheric River (AR),1038240,25943,0.024987478810294346,48708,22765,0.46737702225507105,0.532622977744929
2019-01-28T19:00:00.000000000.nc,2019-01-28T19:00:00.000000000,Atmospheric River (AR),1038240,68959,0.06641913237787024,99654,30695,0.3080157344411664,0.6919842655588335
2019-01-29T12:00:00.000000000.nc,2019-01-29T12:00:00.000000000,Atmospheric River (AR),1038240,56933,0.0548360687316998,99327,42394,0.42681244777351574,0.5731875522264842
2019-01-29T23:00:00.000000000.nc,2019-01-29T23:00:00.000000000,Atmospheric River (AR),1038240,36094,0.03476460163353367,75650,39556,0.5228816920026438,0.4771183079973563
2019-01-30T03:00:00.000000000.nc,2019-01-30T03:00:00.000000000,Atmospheric River (AR),1038240,50077,0.04823258591462475,68621,18544,0.27023797379810843,0.7297620262018916
2019-01-31T03:00:00.000000000.nc,2019-01-31T03:00:00.000000000,Atmospheric River (AR),1038240,27470,0.026458237016489444,69384,41914,0.6040873976709328,0.3959126023290672
2019-01-31T16:00:00.000000000.nc,2019-01-31T16:00:00.000000000,Atmospheric River (AR),1038240,52422,0.05049121590383726,99075,46653,0.47088569265707797,0.529114307342922
2019-02-03T23:00:00.000000000.nc,2019-02-03T23:00:00.000000000,Atmospheric River (AR),1038240,34682,0.03340460779781168,70444,35762,0.5076656635057635,0.4923343364942366
2019-02-06T11:00:00.000000000.nc,2019-02-06T11:00:00.000000000,Atmospheric River (AR),1038240,56791,0.054699298813376485,102666,45875,0.4468373171254359,0.5531626828745642
2019-02-06T17:00:00.000000000.nc,2019-02-06T17:00:00.000000000,Atmospheric River (AR),1038240,29187,0.028111997226074895,59319,30132,0.5079654073736914,0.4920345926263086
2019-02-07T06:00:00.000000000.nc,2019-02-07T06:00:00.000000000,Atmospheric River (AR),1038240,16221,0.015623555247341655,41021,24800,0.6045683917993223,0.3954316082006777
2019-02-07T07:00:00.000000000.nc,2019-02-07T07:00:00.000000000,Atmospheric River (AR),1038240,64106,0.06174487594390507,87167,23061,0.26456112978535457,0.7354388702146455
2019-02-09T22:00:00.000000000.nc,2019-02-09T22:00:00.000000000,Atmospheric River (AR),1038240,76717,0.07389139312683002,98367,21650,0.22009413726147997,0.77990586273852
2019-02-10T22:00:00.000000000.nc,2019-02-10T22:00:00.000000000,Atmospheric River (AR),1038240,44542,0.0429014486053321,67043,22501,0.33562042271378073,0.6643795772862193
2019-02-11T21:00:00.000000000.nc,2019-02-11T21:00:00.000000000,Atmospheric River (AR),1038240,65019,0.06262424872861766,116121,51102,0.44007543855116643,0.5599245614488335
2019-02-12T05:00:00.000000000.nc,2019-02-12T05:00:00.000000000,Atmospheric River (AR),1038240,41882,0.04033942055786716,62234,20352,0.32702381334961594,0.6729761866503841
2019-02-14T01:00:00.000000000.nc,2019-02-14T01:00:00.000000000,Atmospheric River (AR),1038240,57842,0.055711588842656805,129891,72049,0.5546881616124288,0.4453118383875711
2019-02-17T00:00:00.000000000.nc,2019-02-17T00:00:00.000000000,Atmospheric River (AR),1038240,41303,0.03978174603174603,61569,20266,0.3291591547694457,0.6708408452305543
2019-02-19T13:00:00.000000000.nc,2019-02-19T13:00:00.000000000,Atmospheric River (AR),1038240,34285,0.033022229927569736,63586,29301,0.46080898310948953,0.5391910168905105
2019-02-20T07:00:00.000000000.nc,2019-02-20T07:00:00.000000000,Atmospheric River (AR),1038240,50473,0.0486140006164278,91087,40614,0.4458814100804725,0.5541185899195274
2019-02-22T22:00:00.000000000.nc,2019-02-22T22:00:00.000000000,Atmospheric River (AR),1038240,75738,0.07294845122515026,134998,59260,0.43896946621431426,0.5610305337856857
2019-02-24T15:00:00.000000000.nc,2019-02-24T15:00:00.000000000,Atmospheric River (AR),1038240,57627,0.055504507628294036,112322,54695,0.48694823810117344,0.5130517618988266
2019-02-24T23:00:00.000000000.nc,2019-02-24T23:00:00.000000000,Atmospheric River (AR),1038240,59500,0.05730852211434736,76830,17330,0.2255629311466875,0.7744370688533125
2019-02-26T00:00:00.000000000.nc,2019-02-26T00:00:00.000000000,Atmospheric River (AR),1038240,67409,0.06492622129758052,110192,42783,0.3882586757659358,0.6117413242340641
2019-02-27T00:00:00.000000000.nc,2019-02-27T00:00:00.000000000,Atmospheric River (AR),1038240,63063,0.06074029126213592,81502,18439,0.22623984687492332,0.7737601531250767
2019-02-27T16:00:00.000000000.nc,2019-02-27T16:00:00.000000000,Atmospheric River (AR),1038240,79694,0.07675874556942518,130454,50760,0.38910267220629496,0.6108973277937051
2019-03-01T07:00:00.000000000.nc,2019-03-01T07:00:00.000000000,Atmospheric River (AR),1038240,79093,0.07617988133764833,134709,55616,0.4128603137132634,0.5871396862867366
2019-03-03T14:00:00.000000000.nc,2019-03-03T14:00:00.000000000,Atmospheric River (AR),1038240,54621,0.05260922330097088,97952,43331,0.44236973211368835,0.5576302678863116
2019-03-05T12:00:00.000000000.nc,2019-03-05T12:00:00.000000000,Atmospheric River (AR),1038240,32739,0.031533171521035595,70955,38216,0.5385948840814601,0.46140511591853994
2019-03-05T13:00:00.000000000.nc,2019-03-05T13:00:00.000000000,Atmospheric River (AR),1038240,37274,0.035901140391431656,68919,31645,0.45916220490720994,0.5408377950927901
2019-03-08T23:00:00.000000000.nc,2019-03-08T23:00:00.000000000,Atmospheric River (AR),1038240,61274,0.05901718292494992,123659,62385,0.5044921922383329,0.49550780776166714
2019-03-12T09:00:00.000000000.nc,2019-03-12T09:00:00.000000000,Atmospheric River (AR),1038240,64904,0.06251348435814455,98635,33731,0.34197799969584836,0.6580220003041517
2019-03-13T05:00:00.000000000.nc,2019-03-13T05:00:00.000000000,Atmospheric River (AR),1038240,18464,0.017783942055786716,35314,16850,0.47714787336467124,0.5228521266353288
2019-03-13T10:00:00.000000000.nc,2019-03-13T10:00:00.000000000,Atmospheric River (AR),1038240,39367,0.037917051934042226,56536,17169,0.30368260931088153,0.6963173906891185
2019-03-15T13:00:00.000000000.nc,2019-03-15T13:00:00.000000000,Atmospheric River (AR),1038240,39527,0.03807115888426568,89482,49955,0.5582687020853356,0.4417312979146644
2019-03-16T02:00:00.000000000.nc,2019-03-16T02:00:00.000000000,Atmospheric River (AR),1038240,60958,0.05871282169825859,118489,57531,0.4855387419929276,0.5144612580070724
2019-03-19T05:00:00.000000000.nc,2019-03-19T05:00:00.000000000,Atmospheric River (AR),1038240,46473,0.04476132686084142,81125,34652,0.42714329738058554,0.5728567026194145
2019-03-20T23:00:00.000000000.nc,2019-03-20T23:00:00.000000000,Atmospheric River (AR),1038240,71154,0.06853328710124827,116291,45137,0.3881383770025195,0.6118616229974805
2019-03-21T02:00:00.000000000.nc,2019-03-21T02:00:00.000000000,Atmospheric River (AR),1038240,58379,0.056228810294344275,104112,45733,0.4392673274934686,0.5607326725065315
2019-03-21T17:00:00.000000000.nc,2019-03-21T17:00:00.000000000,Atmospheric River (AR),1038240,26395,0.025422830944675606,67929,41534,0.6114325251365397,0.3885674748634604
2019-03-26T16:00:00.000000000.nc,2019-03-26T16:00:00.000000000,Atmospheric River (AR),1038240,40807,0.03930401448605332,83997,43190,0.514185030417753,0.48581496958224696
2019-03-30T08:00:00.000000000.nc,2019-03-30T08:00:00.000000000,Atmospheric River (AR),1038240,65901,0.06347376329172445,108958,43057,0.3951706162007379,0.6048293837992621
2019-04-02T10:00:00.000000000.nc,2019-04-02T10:00:00.000000000,Atmospheric River (AR),1038240,51510,0.04961280628756357,85397,33887,0.3968172184034568,0.6031827815965431
2019-04-04T15:00:00.000000000.nc,2019-04-04T15:00:00.000000000,Atmospheric River (AR),1038240,62298,0.060003467406380025,95911,33613,0.3504603225907352,0.6495396774092649
2019-04-05T04:00:00.000000000.nc,2019-04-05T04:00:00.000000000,Atmospheric River (AR),1038240,46775,0.045052203729388195,68985,22210,0.3219540479814452,0.6780459520185548
2019-04-07T18:00:00.000000000.nc,2019-04-07T18:00:00.000000000,Atmospheric River (AR),1038240,36764,0.03540992448759439,68024,31260,0.4595436904621898,0.5404563095378102
2019-04-08T07:00:00.000000000.nc,2019-04-08T07:00:00.000000000,Atmospheric River (AR),1038240,52090,0.050171443982123594,101832,49742,0.488471207478985,0.511528792521015
2019-04-08T23:00:00.000000000.nc,2019-04-08T23:00:00.000000000,Atmospheric River (AR),1038240,44098,0.04247380181846201,82922,38824,0.46819903041412414,0.5318009695858759
2019-04-14T08:00:00.000000000.nc,2019-04-14T08:00:00.000000000,Atmospheric River (AR),1038240,82259,0.07922927261519494,105414,23155,0.2196577304722333,0.7803422695277668
2019-04-17T00:00:00.000000000.nc,2019-04-17T00:00:00.000000000,Atmospheric River (AR),1038240,47417,0.04567055786715981,97154,49737,0.5119398069045021,0.48806019309549786
2019-04-19T14:00:00.000000000.nc,2019-04-19T14:00:00.000000000,Atmospheric River (AR),1038240,54574,0.052563954384342734,112173,57599,0.5134836368823157,0.4865163631176843
2019-04-19T23:00:00.000000000.nc,2019-04-19T23:00:00.000000000,Atmospheric River (AR),1038240,37738,0.03634805054707967,87210,49472,0.5672743951381722,0.43272560486182776
2019-04-21T06:00:00.000000000.nc,2019-04-21T06:00:00.000000000,Atmospheric River (AR),1038240,17268,0.01663199260286639,40448,23180,0.5730814873417721,0.42691851265822783
2019-04-22T07:00:00.000000000.nc,2019-04-22T07:00:00.000000000,Atmospheric River (AR),1038240,53095,0.05113942826321467,107293,54198,0.5051401302974099,0.4948598697025901
2019-04-23T05:00:00.000000000.nc,2019-04-23T05:00:00.000000000,Atmospheric River (AR),1038240,53483,0.051513137617506546,91668,38185,0.4165575773443295,0.5834424226556705
2019-04-23T18:00:00.000000000.nc,2019-04-23T18:00:00.000000000,Atmospheric River (AR),1038240,39154,0.03771189705655725,72092,32938,0.45688842035177274,0.5431115796482273
2019-04-24T17:00:00.000000000.nc,2019-04-24T17:00:00.000000000,Atmospheric River (AR),1038240,52429,0.050497958082909536,75109,22680,0.3019611497956303,0.6980388502043696
2019-04-24T18:00:00.000000000.nc,2019-04-24T18:00:00.000000000,Atmospheric River (AR),1038240,42146,0.04059369702573586,80847,38701,0.4786943238462775,0.5213056761537225
2019-04-27T15:00:00.000000000.nc,2019-04-27T15:00:00.000000000,Atmospheric River (AR),1038240,47053,0.04531996455540145,83679,36626,0.437696435186845,0.562303564813155
2019-04-28T07:00:00.000000000.nc,2019-04-28T07:00:00.000000000,Atmospheric River (AR),1038240,55984,0.053922021883186934,79650,23666,0.29712492153170117,0.7028750784682988
2019-04-29T00:00:00.000000000.nc,2019-04-29T00:00:00.000000000,Atmospheric River (AR),1038240,55721,0.05366870858375713,99577,43856,0.44042298924450424,0.5595770107554957
2019-05-06T07:00:00.000000000.nc,2019-05-06T07:00:00.000000000,Atmospheric River (AR),1038240,64229,0.06186334566188935,107700,43471,0.40363045496750233,0.5963695450324977
2019-05-07T21:00:00.000000000.nc,2019-05-07T21:00:00.000000000,Atmospheric River (AR),1038240,64180,0.06181615040838342,119451,55271,0.4627085583209852,0.5372914416790149
2019-05-08T23:00:00.000000000.nc,2019-05-08T23:00:00.000000000,Atmospheric River (AR),1038240,37184,0.03581445523193096,67358,30174,0.4479646070251492,0.5520353929748508
2019-05-10T22:00:00.000000000.nc,2019-05-10T22:00:00.000000000,Atmospheric River (AR),1038240,63646,0.06130181846201264,87435,23789,0.2720763996111397,0.7279236003888603
2019-05-11T03:00:00.000000000.nc,2019-05-11T03:00:00.000000000,Atmospheric River (AR),1038240,62268,0.05997457235321313,102423,40155,0.3920506136317038,0.6079493863682962
2019-05-12T11:00:00.000000000.nc,2019-05-12T11:00:00.000000000,Atmospheric River (AR),1038240,37731,0.0363413083680074,62551,24820,0.3967962142891401,0.60320378571086
2019-05-12T14:00:00.000000000.nc,2019-05-12T14:00:00.000000000,Atmospheric River (AR),1038240,54553,0.0525437278471259,81249,26696,0.3285701977870497,0.6714298022129503
2019-05-13T08:00:00.000000000.nc,2019-05-13T08:00:00.000000000,Atmospheric River (AR),1038240,31714,0.03054592387116659,59371,27657,0.4658334877296997,0.5341665122703003
2019-05-15T07:00:00.000000000.nc,2019-05-15T07:00:00.000000000,Atmospheric River (AR),1038240,66042,0.06360957004160887,101513,35471,0.3494232265818171,0.6505767734181829
2019-05-15T18:00:00.000000000.nc,2019-05-15T18:00:00.000000000,Atmospheric River (AR),1038240,50042,0.04819887501926337,87850,37808,0.4303699487763233,0.5696300512236767
2019-05-18T02:00:00.000000000.nc,2019-05-18T02:00:00.000000000,Atmospheric River (AR),1038240,24026,0.02314108491292957,45285,21259,0.4694490449376173,0.5305509550623827
2019-05-18T20:00:00.000000000.nc,2019-05-18T20:00:00.000000000,Atmospheric River (AR),1038240,51189,0.049303629218677765,95413,44224,0.46350078081603135,0.5364992191839686
2019-05-21T04:00:00.000000000.nc,2019-05-21T04:00:00.000000000,Atmospheric River (AR),1038240,49914,0.048075589459084606,78458,28544,0.36381248566111807,0.636187514338882
2019-05-27T07:00:00.000000000.nc,2019-05-27T07:00:00.000000000,Atmospheric River (AR),1038240,84038,0.08094274926799198,123590,39552,0.3200258920624646,0.6799741079375354
2019-05-29T03:00:00.000000000.nc,2019-05-29T03:00:00.000000000,Atmospheric River (AR),1038240,70492,0.06789566959469873,123936,53444,0.4312225664859282,0.5687774335140717
2019-05-29T20:00:00.000000000.nc,2019-05-29T20:00:00.000000000,Atmospheric River (AR),1038240,49277,0.04746205116350748,76873,27596,0.3589816970848022,0.6410183029151978
2019-05-31T05:00:00.000000000.nc,2019-05-31T05:00:00.000000000,Atmospheric River (AR),1038240,70862,0.06825204191709046,106091,35229,0.33206398280721267,0.6679360171927873
2019-06-02T17:00:00.000000000.nc,2019-06-02T17:00:00.000000000,Atmospheric River (AR),1038240,27244,0.026240560949298813,46169,18925,0.40990708050856633,0.5900929194914336
2019-06-03T08:00:00.000000000.nc,2019-06-03T08:00:00.000000000,Atmospheric River (AR),1038240,65333,0.06292668361843119,93799,28466,0.3034787151248947,0.6965212848751052
2019-06-04T04:00:00.000000000.nc,2019-06-04T04:00:00.000000000,Atmospheric River (AR),1038240,40439,0.03894956850053938,68689,28250,0.41127400311549156,0.5887259968845084
2019-06-05T21:00:00.000000000.nc,2019-06-05T21:00:00.000000000,Atmospheric River (AR),1038240,51822,0.04991331484049931,91355,39533,0.43274040829730176,0.5672595917026982
2019-06-06T02:00:00.000000000.nc,2019-06-06T02:00:00.000000000,Atmospheric River (AR),1038240,49641,0.047812644475265835,98685,49044,0.4969752241982064,0.5030247758017936
2019-06-06T17:00:00.000000000.nc,2019-06-06T17:00:00.000000000,Atmospheric River (AR),1038240,44599,0.042956349206349206,90135,45536,0.5051977589171798,0.4948022410828202
2019-06-08T07:00:00.000000000.nc,2019-06-08T07:00:00.000000000,Atmospheric River (AR),1038240,30365,0.029246609647095086,55770,25405,0.45553164783934014,0.5444683521606598
2019-06-08T22:00:00.000000000.nc,2019-06-08T22:00:00.000000000,Atmospheric River (AR),1038240,44222,0.04259323470488519,73814,29592,0.40089955834936464,0.5991004416506354
2019-06-08T23:00:00.000000000.nc,2019-06-08T23:00:00.000000000,Atmospheric River (AR),1038240,28309,0.027266335336723686,67120,38811,0.5782330154946365,0.42176698450536354
2019-06-09T22:00:00.000000000.nc,2019-06-09T22:00:00.000000000,Atmospheric River (AR),1038240,23800,0.022923408845738943,46522,22722,0.48841408365934397,0.5115859163406561
2019-06-10T03:00:00.000000000.nc,2019-06-10T03:00:00.000000000,Atmospheric River (AR),1038240,32864,0.03165356757589767,63587,30723,0.48316479783603566,0.5168352021639643
2019-06-11T17:00:00.000000000.nc,2019-06-11T17:00:00.000000000,Atmospheric River (AR),1038240,24594,0.02368816458622284,54514,29920,0.5488498367391863,0.45115016326081375
2019-06-12T00:00:00.000000000.nc,2019-06-12T00:00:00.000000000,Atmospheric River (AR),1038240,45628,0.0439474495299738,73756,28128,0.3813655838169098,0.6186344161830902
2019-06-12T06:00:00.000000000.nc,2019-06-12T06:00:00.000000000,Atmospheric River (AR),1038240,61587,0.05931865464632455,85340,23753,0.27833372392781813,0.7216662760721818
2019-06-13T13:00:00.000000000.nc,2019-06-13T13:00:00.000000000,Atmospheric River (AR),1038240,48552,0.04676375404530744,92250,43698,0.4736910569105691,0.5263089430894309
2019-06-13T14:00:00.000000000.nc,2019-06-13T14:00:00.000000000,Atmospheric River (AR),1038240,59231,0.05704942980428417,100052,40821,0.4079978411226162,0.5920021588773837
2019-06-14T18:00:00.000000000.nc,2019-06-14T18:00:00.000000000,Atmospheric River (AR),1038240,66462,0.06401410078594545,121167,54705,0.45148431503627223,0.5485156849637277
2019-06-16T06:00:00.000000000.nc,2019-06-16T06:00:00.000000000,Atmospheric River (AR),1038240,26717,0.025732971182000308,49190,22473,0.4568611506403741,0.543138849359626
2019-06-19T13:00:00.000000000.nc,2019-06-19T13:00:00.000000000,Atmospheric River (AR),1038240,58528,0.056372322391739865,96695,38167,0.39471534205491493,0.605284657945085
2019-06-23T05:00:00.000000000.nc,2019-06-23T05:00:00.000000000,Atmospheric River (AR),1038240,60750,0.0585124826629681,97465,36715,0.37669932796388444,0.6233006720361155
2019-06-24T01:00:00.000000000.nc,2019-06-24T01:00:00.000000000,Atmospheric River (AR),1038240,50676,0.04880952380952381,92394,41718,0.4515228261575427,0.5484771738424573
2019-06-25T11:00:00.000000000.nc,2019-06-25T11:00:00.000000000,Atmospheric River (AR),1038240,39150,0.03770804438280166,73598,34448,0.46805619717927116,0.5319438028207288
2019-06-25T22:00:00.000000000.nc,2019-06-25T22:00:00.000000000,Atmospheric River (AR),1038240,45814,0.04412659885960857,97323,51509,0.5292582431696515,0.4707417568303484
2019-06-26T02:00:00.000000000.nc,2019-06-26T02:00:00.000000000,Atmospheric River (AR),1038240,58402,0.056250963168438896,97761,39359,0.402604310512372,0.597395689487628
2019-06-27T03:00:00.000000000.nc,2019-06-27T03:00:00.000000000,Atmospheric River (AR),1038240,44853,0.04320099398982894,77633,32780,0.422243118261564,0.577756881738436
2019-06-27T08:00:00.000000000.nc,2019-06-27T08:00:00.000000000,Atmospheric River (AR),1038240,90070,0.08675258129141625,121915,31845,0.2612065783537711,0.738793421646229
2019-06-28T22:00:00.000000000.nc,2019-06-28T22:00:00.000000000,Atmospheric River (AR),1038240,69347,0.06679284173216211,118849,49502,0.4165117081338505,0.5834882918661495
2019-06-29T05:00:00.000000000.nc,2019-06-29T05:00:00.000000000,Atmospheric River (AR),1038240,29404,0.028321004777315455,50733,21329,0.42041669130546194,0.5795833086945381
2019-07-01T02:00:00.000000000.nc,2019-07-01T02:00:00.000000000,Atmospheric River (AR),1038240,67244,0.06476729850516258,102928,35684,0.346688947613866,0.653311052386134
2019-07-06T06:00:00.000000000.nc,2019-07-06T06:00:00.000000000,Atmospheric River (AR),1038240,35925,0.03460182616736015,97746,61821,0.6324657786507888,0.3675342213492112
2019-07-06T08:00:00.000000000.nc,2019-07-06T08:00:00.000000000,Atmospheric River (AR),1038240,74877,0.07211916319926029,104933,30056,0.28643038891483136,0.7135696110851686
2019-07-06T17:00:00.000000000.nc,2019-07-06T17:00:00.000000000,Atmospheric River (AR),1038240,28028,0.026995685005393743,58546,30518,0.5212653298261196,0.4787346701738804
2019-07-07T05:00:00.000000000.nc,2019-07-07T05:00:00.000000000,Atmospheric River (AR),1038240,38090,0.03668708583757128,89798,51708,0.5758257422214303,0.42417425777856965
2019-07-08T16:00:00.000000000.nc,2019-07-08T16:00:00.000000000,Atmospheric River (AR),1038240,79943,0.07699857451071043,104245,24302,0.23312389083409277,0.7668761091659072
2019-07-10T01:00:00.000000000.nc,2019-07-10T01:00:00.000000000,Atmospheric River (AR),1038240,39453,0.037999884419787334,81524,42071,0.5160566213630342,0.4839433786369658
2019-07-11T20:00:00.000000000.nc,2019-07-11T20:00:00.000000000,Atmospheric River (AR),1038240,55329,0.05329114655570966,84445,29116,0.3447924684706022,0.6552075315293978
2019-07-13T07:00:00.000000000.nc,2019-07-13T07:00:00.000000000,Atmospheric River (AR),1038240,30251,0.029136808445060874,57519,27268,0.4740694379248596,0.5259305620751404
2019-07-15T19:00:00.000000000.nc,2019-07-15T19:00:00.000000000,Atmospheric River (AR),1038240,61634,0.05936392356295269,82156,20522,0.2497930765860071,0.7502069234139929
2019-07-17T11:00:00.000000000.nc,2019-07-17T11:00:00.000000000,Atmospheric River (AR),1038240,49589,0.04776255971644321,93415,43826,0.4691537761601456,0.5308462238398544
2019-07-18T12:00:00.000000000.nc,2019-07-18T12:00:00.000000000,Atmospheric River (AR),1038240,55534,0.05348859608568347,92834,37300,0.40179244673287806,0.5982075532671219
2019-07-18T15:00:00.000000000.nc,2019-07-18T15:00:00.000000000,Atmospheric River (AR),1038240,73553,0.0708439281861612,116187,42634,0.3669429454241869,0.6330570545758132
2019-07-20T18:00:00.000000000.nc,2019-07-20T18:00:00.000000000,Atmospheric River (AR),1038240,57501,0.05538314840499307,93663,36162,0.3860862880753339,0.613913711924666
2019-07-22T23:00:00.000000000.nc,2019-07-22T23:00:00.000000000,Atmospheric River (AR),1038240,59580,0.05738557558945909,88777,29197,0.32888022798697863,0.6711197720130214
2019-07-25T05:00:00.000000000.nc,2019-07-25T05:00:00.000000000,Atmospheric River (AR),1038240,66287,0.06384554630913854,94103,27816,0.29559100134958505,0.704408998650415
2019-07-26T04:00:00.000000000.nc,2019-07-26T04:00:00.000000000,Atmospheric River (AR),1038240,48611,0.04682058098320234,101159,52548,0.519459464802934,0.480540535197066
2019-07-27T07:00:00.000000000.nc,2019-07-27T07:00:00.000000000,Atmospheric River (AR),1038240,73280,0.07058098320234242,120266,46986,0.3906839838358306,0.6093160161641694
2019-07-29T14:00:00.000000000.nc,2019-07-29T14:00:00.000000000,Atmospheric River (AR),1038240,71406,0.06877600554785021,95841,24435,0.2549535167621373,0.7450464832378627
2019-07-30T07:00:00.000000000.nc,2019-07-30T07:00:00.000000000,Atmospheric River (AR),1038240,53725,0.05174622437971953,90863,37138,0.40872522368841,0.59127477631159
2019-07-31T09:00:00.000000000.nc,2019-07-31T09:00:00.000000000,Atmospheric River (AR),1038240,54825,0.05280570966250578,98507,43682,0.44344056767539364,0.5565594323246064
2019-08-01T08:00:00.000000000.nc,2019-08-01T08:00:00.000000000,Atmospheric River (AR),1038240,60600,0.05836800739713361,110876,50276,0.4534434864172589,0.546556513582741
2019-08-01T22:00:00.000000000.nc,2019-08-01T22:00:00.000000000,Atmospheric River (AR),1038240,42848,0.04126984126984127,89691,46843,0.5222709078948835,0.47772909210511644
2019-08-03T08:00:00.000000000.nc,2019-08-03T08:00:00.000000000,Atmospheric River (AR),1038240,57847,0.055716404684851284,103353,45506,0.4402968467291709,0.5597031532708291
2019-08-03T21:00:00.000000000.nc,2019-08-03T21:00:00.000000000,Atmospheric River (AR),1038240,46328,0.04462166743720142,84141,37813,0.44940041121450897,0.550599588785491
2019-08-05T18:00:00.000000000.nc,2019-08-05T18:00:00.000000000,Atmospheric River (AR),1038240,57420,0.055305131761442444,96053,38633,0.402205032638231,0.5977949673617691
2019-08-09T06:00:00.000000000.nc,2019-08-09T06:00:00.000000000,Atmospheric River (AR),1038240,36374,0.03503428879642472,77380,41006,0.5299302145257172,0.47006978547428274
2019-08-09T09:00:00.000000000.nc,2019-08-09T09:00:00.000000000,Atmospheric River (AR),1038240,39787,0.0383215826783788,80170,40383,0.5037171011600349,0.49628289883996507
2019-08-10T20:00:00.000000000.nc,2019-08-10T20:00:00.000000000,Atmospheric River (AR),1038240,61689,0.059416897827092,106519,44830,0.42086388343863534,0.5791361165613647
2019-08-12T15:00:00.000000000.nc,2019-08-12T15:00:00.000000000,Atmospheric River (AR),1038240,41433,0.03990695792880259,75903,34470,0.4541322477372436,0.5458677522627564
2019-08-12T18:00:00.000000000.nc,2019-08-12T18:00:00.000000000,Atmospheric River (AR),1038240,33831,0.03258495145631068,78410,44579,0.5685371763805637,0.4314628236194363
2019-08-12T22:00:00.000000000.nc,2019-08-12T22:00:00.000000000,Atmospheric River (AR),1038240,34934,0.033647326244413626,70710,35776,0.5059538961957291,0.49404610380427094
2019-08-13T15:00:00.000000000.nc,2019-08-13T15:00:00.000000000,Atmospheric River (AR),1038240,49337,0.04751984126984127,75791,26454,0.34903880407964005,0.65096119592036
2019-08-14T05:00:00.000000000.nc,2019-08-14T05:00:00.000000000,Atmospheric River (AR),1038240,31117,0.029970912313145325,87040,55923,0.6424977022058823,0.35750229779411763
2019-08-14T20:00:00.000000000.nc,2019-08-14T20:00:00.000000000,Atmospheric River (AR),1038240,58076,0.05593697025735861,101354,43278,0.4269984411074057,0.5730015588925943
2019-08-17T20:00:00.000000000.nc,2019-08-17T20:00:00.000000000,Atmospheric River (AR),1038240,70702,0.068097934966867,127444,56742,0.4452308464894385,0.5547691535105616
2019-08-22T14:00:00.000000000.nc,2019-08-22T14:00:00.000000000,Atmospheric River (AR),1038240,24911,0.023993488981353058,48802,23891,0.48954960862259744,0.5104503913774026
2019-08-22T19:00:00.000000000.nc,2019-08-22T19:00:00.000000000,Atmospheric River (AR),1038240,50887,0.04901275235013099,86242,35355,0.40995106792514086,0.5900489320748591
2019-08-24T16:00:00.000000000.nc,2019-08-24T16:00:00.000000000,Atmospheric River (AR),1038240,35831,0.03451128833410387,79262,43431,0.5479422674169211,0.4520577325830789
2019-08-27T15:00:00.000000000.nc,2019-08-27T15:00:00.000000000,Atmospheric River (AR),1038240,35266,0.033967098166127294,70719,35453,0.5013221340799502,0.49867786592004976
2019-08-27T16:00:00.000000000.nc,2019-08-27T16:00:00.000000000,Atmospheric River (AR),1038240,38882,0.03744991524117738,79885,41003,0.5132753332916067,0.4867246667083933
2019-08-27T21:00:00.000000000.nc,2019-08-27T21:00:00.000000000,Atmospheric River (AR),1038240,63010,0.0606892433348744,92889,29879,0.32166349083314494,0.6783365091668551
2019-08-30T19:00:00.000000000.nc,2019-08-30T19:00:00.000000000,Atmospheric River (AR),1038240,43296,0.04170134073046695,85825,42529,0.49553160501019516,0.5044683949898048
2019-08-31T17:00:00.000000000.nc,2019-08-31T17:00:00.000000000,Atmospheric River (AR),1038240,45797,0.04411022499614733,86838,41041,0.4726156751652502,0.5273843248347497
2019-09-01T16:00:00.000000000.nc,2019-09-01T16:00:00.000000000,Atmospheric River (AR),1038240,44118,0.04249306518723994,55897,11779,0.21072687264074996,0.78927312735925
2019-09-03T13:00:00.000000000.nc,2019-09-03T13:00:00.000000000,Atmospheric River (AR),1038240,49574,0.04774811218985976,63374,13800,0.21775491526493515,0.7822450847350648
2019-09-06T02:00:00.000000000.nc,2019-09-06T02:00:00.000000000,Atmospheric River (AR),1038240,66014,0.06358260132531977,77436,11422,0.14750245363913425,0.8524975463608657
2019-09-09T22:00:00.000000000.nc,2019-09-09T22:00:00.000000000,Atmospheric River (AR),1038240,61065,0.05881588072122053,100304,39239,0.3912007497208486,0.6087992502791514
2019-09-10T01:00:00.000000000.nc,2019-09-10T01:00:00.000000000,Atmospheric River (AR),1038240,29342,0.02826128833410387,56489,27147,0.48057143868717805,0.519428561312822
2019-09-10T08:00:00.000000000.nc,2019-09-10T08:00:00.000000000,Atmospheric River (AR),1038240,24969,0.02404935275080906,49692,24723,0.4975247524752475,0.5024752475247525
2019-09-10T12:00:00.000000000.nc,2019-09-10T12:00:00.000000000,Atmospheric River (AR),1038240,33703,0.03246166589613191,57686,23983,0.41575078875290367,0.5842492112470964
2019-09-13T02:00:00.000000000.nc,2019-09-13T02:00:00.000000000,Atmospheric River (AR),1038240,53661,0.051684581599630144,100223,46562,0.46458397772966287,0.5354160222703371
2019-09-13T03:00:00.000000000.nc,2019-09-13T03:00:00.000000000,Atmospheric River (AR),1038240,39216,0.03777161349976884,70210,30994,0.44144708730950005,0.5585529126904999
2019-09-14T14:00:00.000000000.nc,2019-09-14T14:00:00.000000000,Atmospheric River (AR),1038240,34018,0.03276506395438434,79881,45863,0.574141535534107,0.42585846446589304
2019-09-16T02:00:00.000000000.nc,2019-09-16T02:00:00.000000000,Atmospheric River (AR),1038240,22496,0.021667437201417783,38387,15891,0.413968270508245,0.586031729491755
2019-09-18T10:00:00.000000000.nc,2019-09-18T10:00:00.000000000,Atmospheric River (AR),1038240,52367,0.05043824163969795,106313,53946,0.5074261849444565,0.49257381505554354
2019-09-18T11:00:00.000000000.nc,2019-09-18T11:00:00.000000000,Atmospheric River (AR),1038240,66932,0.06446678995222685,109090,42158,0.38645155376294804,0.613548446237052
2019-09-19T12:00:00.000000000.nc,2019-09-19T12:00:00.000000000,Atmospheric River (AR),1038240,36748,0.035394513792572045,73264,36516,0.4984166848656912,0.5015833151343088
2019-09-21T21:00:00.000000000.nc,2019-09-21T21:00:00.000000000,Atmospheric River (AR),1038240,57895,0.05576263676991832,97424,39529,0.4057419116439481,0.5942580883560519
2019-09-23T06:00:00.000000000.nc,2019-09-23T06:00:00.000000000,Atmospheric River (AR),1038240,64040,0.0616813068269379,93657,29617,0.31622836520494996,0.68377163479505
2019-09-24T21:00:00.000000000.nc,2019-09-24T21:00:00.000000000,Atmospheric River (AR),1038240,62369,0.06007185236554169,105197,42828,0.4071218760991283,0.5928781239008717
2019-09-26T11:00:00.000000000.nc,2019-09-26T11:00:00.000000000,Atmospheric River (AR),1038240,32808,0.031599630143319464,82347,49539,0.6015884003060221,0.39841159969397794
2019-09-27T13:00:00.000000000.nc,2019-09-27T13:00:00.000000000,Atmospheric River (AR),1038240,73809,0.07109049930651873,118060,44251,0.3748178892088768,0.6251821107911232
2019-09-28T02:00:00.000000000.nc,2019-09-28T02:00:00.000000000,Atmospheric River (AR),1038240,22620,0.02178687008784096,38146,15526,0.40701515230954755,0.5929848476904525
2019-09-28T22:00:00.000000000.nc,2019-09-28T22:00:00.000000000,Atmospheric River (AR),1038240,35045,0.033754237941131145,68852,33807,0.4910097019694417,0.5089902980305583
2019-09-29T05:00:00.000000000.nc,2019-09-29T05:00:00.000000000,Atmospheric River (AR),1038240,82119,0.07909442903374943,122540,40421,0.32985963766933246,0.6701403623306675
2019-10-01T19:00:00.000000000.nc,2019-10-01T19:00:00.000000000,Atmospheric River (AR),1038240,80446,0.07748304823547542,100973,20527,0.20329196914026523,0.7967080308597347
2019-10-03T10:00:00.000000000.nc,2019-10-03T10:00:00.000000000,Atmospheric River (AR),1038240,60683,0.05844795037756203,109949,49266,0.44808047367415804,0.551919526325842
2019-10-04T07:00:00.000000000.nc,2019-10-04T07:00:00.000000000,Atmospheric River (AR),1038240,60639,0.058405570966250576,102918,42279,0.410802775024777,0.589197224975223
2019-10-06T05:00:00.000000000.nc,2019-10-06T05:00:00.000000000,Atmospheric River (AR),1038240,62559,0.06025485436893204,89061,26502,0.29757132751709503,0.702428672482905
2019-10-08T22:00:00.000000000.nc,2019-10-08T22:00:00.000000000,Atmospheric River (AR),1038240,54683,0.052668939744182464,84284,29601,0.35120544824640504,0.648794551753595
2019-10-09T00:00:00.000000000.nc,2019-10-09T00:00:00.000000000,Atmospheric River (AR),1038240,58876,0.056707505008475885,72682,13806,0.18995074433835063,0.8100492556616494
2019-10-10T06:00:00.000000000.nc,2019-10-10T06:00:00.000000000,Atmospheric River (AR),1038240,45432,0.04375866851595007,66736,21304,0.3192280028770079,0.6807719971229921
2019-10-12T09:00:00.000000000.nc,2019-10-12T09:00:00.000000000,Atmospheric River (AR),1038240,61626,0.059356218215441514,114409,52783,0.46135356484192674,0.5386464351580732
2019-10-12T13:00:00.000000000.nc,2019-10-12T13:00:00.000000000,Atmospheric River (AR),1038240,55782,0.05372746185852982,86401,30619,0.3543824724250877,0.6456175275749123
2019-10-14T11:00:00.000000000.nc,2019-10-14T11:00:00.000000000,Atmospheric River (AR),1038240,54467,0.0524608953613808,89539,35072,0.39169523894615754,0.6083047610538425
2019-10-16T05:00:00.000000000.nc,2019-10-16T05:00:00.000000000,Atmospheric River (AR),1038240,54275,0.05227596702111265,83824,29549,0.3525124069478908,0.6474875930521092
2019-10-16T09:00:00.000000000.nc,2019-10-16T09:00:00.000000000,Atmospheric River (AR),1038240,63434,0.06109762675296656,85952,22518,0.2619834326135517,0.7380165673864483
2019-10-16T11:00:00.000000000.nc,2019-10-16T11:00:00.000000000,Atmospheric River (AR),1038240,51087,0.04920538603791031,65543,14456,0.22055749660528204,0.779442503394718
2019-10-17T19:00:00.000000000.nc,2019-10-17T19:00:00.000000000,Atmospheric River (AR),1038240,43386,0.04178802588996764,74402,31016,0.41687051423348837,0.5831294857665117
2019-10-17T22:00:00.000000000.nc,2019-10-17T22:00:00.000000000,Atmospheric River (AR),1038240,40498,0.039006395438434274,101450,60952,0.6008082799408576,0.39919172005914244
2019-10-26T07:00:00.000000000.nc,2019-10-26T07:00:00.000000000,Atmospheric River (AR),1038240,63296,0.06096470950839883,100307,37011,0.3689772398735881,0.6310227601264119
2019-10-27T00:00:00.000000000.nc,2019-10-27T00:00:00.000000000,Atmospheric River (AR),1038240,85697,0.08254064570812143,136119,50422,0.37042587735731236,0.6295741226426876
2019-11-01T15:00:00.000000000.nc,2019-11-01T15:00:00.000000000,Atmospheric River (AR),1038240,38920,0.03748651564185545,83828,44908,0.5357159898840483,0.4642840101159517
2019-11-03T13:00:00.000000000.nc,2019-11-03T13:00:00.000000000,Atmospheric River (AR),1038240,45566,0.043887733086762214,86142,40576,0.4710361960483852,0.5289638039516148
2019-11-03T14:00:00.000000000.nc,2019-11-03T14:00:00.000000000,Atmospheric River (AR),1038240,23193,0.02233876560332871,45685,22492,0.49232789755937395,0.507672102440626
2019-11-06T03:00:00.000000000.nc,2019-11-06T03:00:00.000000000,Atmospheric River (AR),1038240,48422,0.04663854214825089,76859,28437,0.3699892010044367,0.6300107989955633
2019-11-09T11:00:00.000000000.nc,2019-11-09T11:00:00.000000000,Atmospheric River (AR),1038240,36640,0.03529049160117121,68268,31628,0.463291732583348,0.536708267416652
2019-11-11T22:00:00.000000000.nc,2019-11-11T22:00:00.000000000,Atmospheric River (AR),1038240,77410,0.07455886885498536,95180,17770,0.1866988863206556,0.8133011136793444
2019-11-12T13:00:00.000000000.nc,2019-11-12T13:00:00.000000000,Atmospheric River (AR),1038240,58883,0.05671424718754816,86096,27213,0.3160774019698941,0.6839225980301059
2019-11-12T15:00:00.000000000.nc,2019-11-12T15:00:00.000000000,Atmospheric River (AR),1038240,65683,0.063263792572045,96448,30765,0.31898017584605176,0.6810198241539482
2019-11-12T22:00:00.000000000.nc,2019-11-12T22:00:00.000000000,Atmospheric River (AR),1038240,43897,0.0422802049622438,84308,40411,0.4793258053802723,0.5206741946197276
2019-11-14T04:00:00.000000000.nc,2019-11-14T04:00:00.000000000,Atmospheric River (AR),1038240,53892,0.05190707350901526,107437,53545,0.4983851001051779,0.5016148998948221
2019-11-15T01:00:00.000000000.nc,2019-11-15T01:00:00.000000000,Atmospheric River (AR),1038240,48437,0.04665298967483433,70193,21756,0.3099454361546023,0.6900545638453977
2019-11-16T14:00:00.000000000.nc,2019-11-16T14:00:00.000000000,Atmospheric River (AR),1038240,44082,0.042458391123439666,85674,41592,0.48546817003991877,0.5145318299600813
2019-11-17T09:00:00.000000000.nc,2019-11-17T09:00:00.000000000,Atmospheric River (AR),1038240,34989,0.03370030050855294,50830,15841,0.31164666535510527,0.6883533346448948
2019-11-18T02:00:00.000000000.nc,2019-11-18T02:00:00.000000000,Atmospheric River (AR),1038240,44074,0.0424506857759285,60270,16196,0.268724074995852,0.731275925004148
2019-11-18T13:00:00.000000000.nc,2019-11-18T13:00:00.000000000,Atmospheric River (AR),1038240,78809,0.0759063415010017,112527,33718,0.29964364108169594,0.7003563589183041
2019-11-20T03:00:00.000000000.nc,2019-11-20T03:00:00.000000000,Atmospheric River (AR),1038240,14377,0.013847472646016335,29116,14739,0.5062165132573155,0.4937834867426844
2019-11-22T20:00:00.000000000.nc,2019-11-22T20:00:00.000000000,Atmospheric River (AR),1038240,58686,0.056524503005085526,89577,30891,0.3448541478281255,0.6551458521718745
2019-11-27T01:00:00.000000000.nc,2019-11-27T01:00:00.000000000,Atmospheric River (AR),1038240,47858,0.046095315148713206,86468,38610,0.446523569412962,0.553476430587038
2019-11-28T23:00:00.000000000.nc,2019-11-28T23:00:00.000000000,Atmospheric River (AR),1038240,53370,0.05140429958391123,88873,35503,0.3994801570780777,0.6005198429219223
2019-11-29T04:00:00.000000000.nc,2019-11-29T04:00:00.000000000,Atmospheric River (AR),1038240,43564,0.04195946987209123,84905,41341,0.4869088981803192,0.5130911018196809
2019-11-30T08:00:00.000000000.nc,2019-11-30T08:00:00.000000000,Atmospheric River (AR),1038240,35073,0.03378120665742025,65299,30226,0.46288610851621004,0.53711389148379
2019-12-01T13:00:00.000000000.nc,2019-12-01T13:00:00.000000000,Atmospheric River (AR),1038240,25622,0.02467830174140854,48675,23053,0.47361068310220855,0.5263893168977914
2019-12-01T20:00:00.000000000.nc,2019-12-01T20:00:00.000000000,Atmospheric River (AR),1038240,60195,0.05797792417938049,123714,63519,0.51343421116446,0.48656578883554
2019-12-02T11:00:00.000000000.nc,2019-12-02T11:00:00.000000000,Atmospheric River (AR),1038240,37957,0.036558984435198026,70054,32097,0.4581751220487053,0.5418248779512947
2019-12-03T15:00:00.000000000.nc,2019-12-03T15:00:00.000000000,Atmospheric River (AR),1038240,55446,0.05340383726306056,96260,40814,0.4239975067525452,0.5760024932474548
2019-12-04T22:00:00.000000000.nc,2019-12-04T22:00:00.000000000,Atmospheric River (AR),1038240,24806,0.023892356295268917,44754,19948,0.44572552174107344,0.5542744782589266
2019-12-05T15:00:00.000000000.nc,2019-12-05T15:00:00.000000000,Atmospheric River (AR),1038240,45117,0.04345527045769764,88730,43613,0.49152485067057367,0.5084751493294264
2019-12-06T18:00:00.000000000.nc,2019-12-06T18:00:00.000000000,Atmospheric River (AR),1038240,37334,0.03595893049776545,68164,30830,0.45229153218707824,0.5477084678129218
2019-12-10T23:00:00.000000000.nc,2019-12-10T23:00:00.000000000,Atmospheric River (AR),1038240,47673,0.04591712898751734,100738,53065,0.526762492803113,0.47323750719688695
2019-12-13T04:00:00.000000000.nc,2019-12-13T04:00:00.000000000,Atmospheric River (AR),1038240,37447,0.03606776853136076,69397,31950,0.4603945415507875,0.5396054584492125
2019-12-14T14:00:00.000000000.nc,2019-12-14T14:00:00.000000000,Atmospheric River (AR),1038240,47153,0.04541628139929111,93166,46013,0.4938818882424919,0.5061181117575081
2019-12-17T08:00:00.000000000.nc,2019-12-17T08:00:00.000000000,Atmospheric River (AR),1038240,58542,0.05638580674988442,102056,43514,0.42637375558516893,0.5736262444148311
2019-12-17T12:00:00.000000000.nc,2019-12-17T12:00:00.000000000,Atmospheric River (AR),1038240,55373,0.053333525967021116,97364,41991,0.4312785012941128,0.5687214987058872
2019-12-18T02:00:00.000000000.nc,2019-12-18T02:00:00.000000000,Atmospheric River (AR),1038240,52961,0.05101036369240253,102226,49265,0.48192240721538554,0.5180775927846145
2019-12-18T05:00:00.000000000.nc,2019-12-18T05:00:00.000000000,Atmospheric River (AR),1038240,53339,0.05137444136230544,102666,49327,0.4804609120838447,0.5195390879161553
2019-12-18T11:00:00.000000000.nc,2019-12-18T11:00:00.000000000,Atmospheric River (AR),1038240,41870,0.0403278625366004,75181,33311,0.44307737327250235,0.5569226267274976
2019-12-18T12:00:00.000000000.nc,2019-12-18T12:00:00.000000000,Atmospheric River (AR),1038240,63875,0.061522384034519956,101472,37597,0.37051600441501104,0.6294839955849889
2019-12-25T18:00:00.000000000.nc,2019-12-25T18:00:00.000000000,Atmospheric River (AR),1038240,91124,0.08776776082601326,118059,26935,0.22814863754563397,0.771851362454366
2019-12-29T19:00:00.000000000.nc,2019-12-29T19:00:00.000000000,Atmospheric River (AR),1038240,54723,0.052707466481738324,86582,31859,0.36796331801067195,0.632036681989328
2019-12-30T00:00:00.000000000.nc,2019-12-30T00:00:00.000000000,Atmospheric River (AR),1038240,58628,0.056468639235629524,84903,26275,0.30947080786309084,0.6905291921369092
2019-12-30T19:00:00.000000000.nc,2019-12-30T19:00:00.000000000,Atmospheric River (AR),1038240,55277,0.05324106179688704,92588,37311,0.40297878774787227,0.5970212122521277
2019-12-31T18:00:00.000000000.nc,2019-12-31T18:00:00.000000000,Atmospheric River (AR),1038240,43521,0.04191805362921868,57542,14021,0.2436654965068993,0.7563345034931007
2020-01-01T06:00:00.000000000.nc,2020-01-01T06:00:00.000000000,Atmospheric River (AR),1038240,52465,0.05053263214670982,68902,16437,0.23855621026965834,0.7614437897303417
2020-01-01T17:00:00.000000000.nc,2020-01-01T17:00:00.000000000,Atmospheric River (AR),1038240,48972,0.047168284789644015,90586,41614,0.4593866601903164,0.5406133398096836
2020-01-05T12:00:00.000000000.nc,2020-01-05T12:00:00.000000000,Atmospheric River (AR),1038240,64907,0.06251637386346125,127553,62646,0.49113701755348754,0.5088629824465124
2020-01-05T20:00:00.000000000.nc,2020-01-05T20:00:00.000000000,Atmospheric River (AR),1038240,65932,0.06350362151333025,110845,44913,0.4051874238801931,0.594812576119807
2020-01-06T14:00:00.000000000.nc,2020-01-06T14:00:00.000000000,Atmospheric River (AR),1038240,54335,0.05233375712744645,83295,28960,0.3476799327690738,0.6523200672309263
2020-01-08T15:00:00.000000000.nc,2020-01-08T15:00:00.000000000,Atmospheric River (AR),1038240,47885,0.04612132069656342,86890,39005,0.4489009091955346,0.5510990908044654
2020-01-11T04:00:00.000000000.nc,2020-01-11T04:00:00.000000000,Atmospheric River (AR),1038240,34667,0.03339016027122823,82318,47651,0.5788648898175369,0.42113511018246313
2020-01-15T14:00:00.000000000.nc,2020-01-15T14:00:00.000000000,Atmospheric River (AR),1038240,35094,0.033801433194637076,82530,47436,0.5747728098873137,0.4252271901126863
2020-01-16T01:00:00.000000000.nc,2020-01-16T01:00:00.000000000,Atmospheric River (AR),1038240,45463,0.043788526737555865,88996,43533,0.4891568160366758,0.5108431839633242
2020-01-18T11:00:00.000000000.nc,2020-01-18T11:00:00.000000000,Atmospheric River (AR),1038240,57351,0.055238673139158576,90534,33183,0.3665252833189741,0.633474716681026
2020-01-19T08:00:00.000000000.nc,2020-01-19T08:00:00.000000000,Atmospheric River (AR),1038240,42152,0.04059947603636924,76740,34588,0.4507167057597081,0.5492832942402919
2020-01-26T12:00:00.000000000.nc,2020-01-26T12:00:00.000000000,Atmospheric River (AR),1038240,24541,0.02363711665896132,44017,19476,0.4424654110911693,0.5575345889088307
2020-01-28T16:00:00.000000000.nc,2020-01-28T16:00:00.000000000,Atmospheric River (AR),1038240,33898,0.03264948374171675,58358,24460,0.4191370506185956,0.5808629493814045
2020-01-29T00:00:00.000000000.nc,2020-01-29T00:00:00.000000000,Atmospheric River (AR),1038240,43968,0.04234858992140546,76920,32952,0.42839313572542903,0.571606864274571
2020-01-29T05:00:00.000000000.nc,2020-01-29T05:00:00.000000000,Atmospheric River (AR),1038240,50968,0.049090768993681616,96512,45544,0.4718998673740053,0.5281001326259946
2020-01-30T07:00:00.000000000.nc,2020-01-30T07:00:00.000000000,Atmospheric River (AR),1038240,37668,0.03628062875635691,63545,25877,0.4072232276339602,0.5927767723660398
2020-01-30T12:00:00.000000000.nc,2020-01-30T12:00:00.000000000,Atmospheric River (AR),1038240,50217,0.04836742949607027,90666,40449,0.4461319568526239,0.553868043147376
2020-01-31T18:00:00.000000000.nc,2020-01-31T18:00:00.000000000,Atmospheric River (AR),1038240,24538,0.02363422715364463,70202,45664,0.6504657986951938,0.3495342013048061
2020-02-03T15:00:00.000000000.nc,2020-02-03T15:00:00.000000000,Atmospheric River (AR),1038240,69704,0.0671366928648482,123186,53482,0.43415647882064523,0.5658435211793548
2020-02-05T00:00:00.000000000.nc,2020-02-05T00:00:00.000000000,Atmospheric River (AR),1038240,51561,0.04966192787794729,80055,28494,0.3559302979201799,0.6440697020798202
2020-02-05T22:00:00.000000000.nc,2020-02-05T22:00:00.000000000,Atmospheric River (AR),1038240,73619,0.07090749730312837,108485,34866,0.3213900539245057,0.6786099460754943
2020-02-10T00:00:00.000000000.nc,2020-02-10T00:00:00.000000000,Atmospheric River (AR),1038240,73950,0.07122630605640315,92396,18446,0.1996406770855881,0.8003593229144119
2020-02-13T04:00:00.000000000.nc,2020-02-13T04:00:00.000000000,Atmospheric River (AR),1038240,38094,0.03669093851132686,67732,29638,0.437577511368334,0.562422488631666
2020-02-14T02:00:00.000000000.nc,2020-02-14T02:00:00.000000000,Atmospheric River (AR),1038240,38532,0.03711280628756357,75463,36931,0.48939215244556933,0.5106078475544307
2020-02-14T06:00:00.000000000.nc,2020-02-14T06:00:00.000000000,Atmospheric River (AR),1038240,38905,0.037472068115272,93378,54473,0.5833601062348733,0.41663989376512667
2020-02-14T21:00:00.000000000.nc,2020-02-14T21:00:00.000000000,Atmospheric River (AR),1038240,27664,0.026645091693635384,66381,38717,0.5832542444374144,0.4167457555625857
2020-02-15T17:00:00.000000000.nc,2020-02-15T17:00:00.000000000,Atmospheric River (AR),1038240,51102,0.04921983356449376,95210,44108,0.4632706648461296,0.5367293351538704
2020-02-16T13:00:00.000000000.nc,2020-02-16T13:00:00.000000000,Atmospheric River (AR),1038240,63642,0.06129796578825705,96157,32515,0.33814490884698983,0.6618550911530102
2020-02-17T02:00:00.000000000.nc,2020-02-17T02:00:00.000000000,Atmospheric River (AR),1038240,77942,0.07507127446447835,126367,48425,0.38320922392713286,0.6167907760728671
2020-02-18T16:00:00.000000000.nc,2020-02-18T16:00:00.000000000,Atmospheric River (AR),1038240,56554,0.05447102789335799,80255,23701,0.29532116379041806,0.7046788362095819
2020-02-22T13:00:00.000000000.nc,2020-02-22T13:00:00.000000000,Atmospheric River (AR),1038240,48979,0.04717502696871629,73383,24404,0.332556586675388,0.667443413324612
2020-02-23T21:00:00.000000000.nc,2020-02-23T21:00:00.000000000,Atmospheric River (AR),1038240,49964,0.04812374788102943,87846,37882,0.4312319286023268,0.5687680713976732
2020-02-24T17:00:00.000000000.nc,2020-02-24T17:00:00.000000000,Atmospheric River (AR),1038240,48068,0.04629758052088149,89632,41564,0.4637183148875402,0.5362816851124599
2020-02-24T21:00:00.000000000.nc,2020-02-24T21:00:00.000000000,Atmospheric River (AR),1038240,24395,0.023496494066882416,52915,28520,0.538977605593877,0.461022394406123
2020-02-27T12:00:00.000000000.nc,2020-02-27T12:00:00.000000000,Atmospheric River (AR),1038240,32761,0.03155436122669132,83714,50953,0.6086556609408224,0.3913443390591777
2020-03-01T14:00:00.000000000.nc,2020-03-01T14:00:00.000000000,Atmospheric River (AR),1038240,36171,0.03483876560332871,86567,50396,0.5821617937551261,0.4178382062448739
2020-03-03T12:00:00.000000000.nc,2020-03-03T12:00:00.000000000,Atmospheric River (AR),1038240,43650,0.04204230235783634,77365,33715,0.43579137853034317,0.5642086214696568
2020-03-06T23:00:00.000000000.nc,2020-03-06T23:00:00.000000000,Atmospheric River (AR),1038240,40899,0.03939262598243181,68701,27802,0.4046811545683469,0.5953188454316531
2020-03-08T11:00:00.000000000.nc,2020-03-08T11:00:00.000000000,Atmospheric River (AR),1038240,88616,0.08535213438126059,117260,28644,0.24427767354596622,0.7557223264540338
2020-03-11T10:00:00.000000000.nc,2020-03-11T10:00:00.000000000,Atmospheric River (AR),1038240,52710,0.05076860841423948,79396,26686,0.3361126505113608,0.6638873494886393
2020-03-11T14:00:00.000000000.nc,2020-03-11T14:00:00.000000000,Atmospheric River (AR),1038240,26999,0.02600458468176915,46572,19573,0.42027398436828994,0.57972601563171
2020-03-12T02:00:00.000000000.nc,2020-03-12T02:00:00.000000000,Atmospheric River (AR),1038240,44241,0.04261153490522423,92343,48102,0.5209057535492674,0.4790942464507326
2020-03-14T02:00:00.000000000.nc,2020-03-14T02:00:00.000000000,Atmospheric River (AR),1038240,45531,0.04385402219140083,78920,33389,0.42307399898631526,0.5769260010136847
2020-03-20T02:00:00.000000000.nc,2020-03-20T02:00:00.000000000,Atmospheric River (AR),1038240,56942,0.05484473724764987,101475,44533,0.4388568612958857,0.5611431387041144
2020-03-20T05:00:00.000000000.nc,2020-03-20T05:00:00.000000000,Atmospheric River (AR),1038240,65668,0.06324934504546155,91738,26070,0.28417885718023067,0.7158211428197694
2020-03-20T16:00:00.000000000.nc,2020-03-20T16:00:00.000000000,Atmospheric River (AR),1038240,14196,0.013673139158576052,29032,14836,0.5110223201984018,0.48897767980159823
2020-03-23T19:00:00.000000000.nc,2020-03-23T19:00:00.000000000,Atmospheric River (AR),1038240,39312,0.037864077669902914,93790,54478,0.5808508369762235,0.4191491630237765
2020-03-24T05:00:00.000000000.nc,2020-03-24T05:00:00.000000000,Atmospheric River (AR),1038240,36910,0.03555054707967329,57114,20204,0.3537486430647477,0.6462513569352523
2020-03-29T07:00:00.000000000.nc,2020-03-29T07:00:00.000000000,Atmospheric River (AR),1038240,58061,0.05592252273077516,107917,49856,0.4619846734064142,0.5380153265935859
2020-03-29T17:00:00.000000000.nc,2020-03-29T17:00:00.000000000,Atmospheric River (AR),1038240,66153,0.0637164817383264,122978,56825,0.4620745173933549,0.5379254826066451
2020-03-30T14:00:00.000000000.nc,2020-03-30T14:00:00.000000000,Atmospheric River (AR),1038240,65987,0.06355659577746957,112693,46706,0.41445342656598017,0.5855465734340198
2020-04-05T16:00:00.000000000.nc,2020-04-05T16:00:00.000000000,Atmospheric River (AR),1038240,53199,0.051239597780859916,91471,38272,0.41840583354287153,0.5815941664571285
2020-04-06T12:00:00.000000000.nc,2020-04-06T12:00:00.000000000,Atmospheric River (AR),1038240,50897,0.04902238403451996,82741,31844,0.38486361054374496,0.615136389456255
2020-04-08T13:00:00.000000000.nc,2020-04-08T13:00:00.000000000,Atmospheric River (AR),1038240,54305,0.05230486207427955,106503,52198,0.4901082598612246,0.5098917401387755
2020-04-09T10:00:00.000000000.nc,2020-04-09T10:00:00.000000000,Atmospheric River (AR),1038240,49777,0.04794363538295577,91764,41987,0.45755416067303084,0.5424458393269692
2020-04-10T21:00:00.000000000.nc,2020-04-10T21:00:00.000000000,Atmospheric River (AR),1038240,37322,0.03594737247649869,94467,57145,0.6049202366964125,0.3950797633035875
2020-04-12T08:00:00.000000000.nc,2020-04-12T08:00:00.000000000,Atmospheric River (AR),1038240,86778,0.08358183079056865,142627,55849,0.3915738254327722,0.6084261745672278
2020-04-17T02:00:00.000000000.nc,2020-04-17T02:00:00.000000000,Atmospheric River (AR),1038240,78800,0.07589767298505162,117651,38851,0.33022243754834213,0.6697775624516579
2020-04-17T23:00:00.000000000.nc,2020-04-17T23:00:00.000000000,Atmospheric River (AR),1038240,36770,0.03541570349822777,90090,53320,0.5918525918525919,0.40814740814740813
2020-04-18T09:00:00.000000000.nc,2020-04-18T09:00:00.000000000,Atmospheric River (AR),1038240,68464,0.06594236400061643,106409,37945,0.3565957766730258,0.6434042233269742
2020-04-19T19:00:00.000000000.nc,2020-04-19T19:00:00.000000000,Atmospheric River (AR),1038240,53867,0.05188299429804284,97666,43799,0.44845698605451234,0.5515430139454877
2020-04-23T03:00:00.000000000.nc,2020-04-23T03:00:00.000000000,Atmospheric River (AR),1038240,44127,0.04250173370319001,107406,63279,0.589157030333501,0.4108429696664991
2020-04-24T16:00:00.000000000.nc,2020-04-24T16:00:00.000000000,Atmospheric River (AR),1038240,63556,0.061215133302511944,102554,38998,0.38026795639370475,0.6197320436062952
2020-04-24T18:00:00.000000000.nc,2020-04-24T18:00:00.000000000,Atmospheric River (AR),1038240,69950,0.06737363230081676,93496,23546,0.2518396508941559,0.7481603491058441
2020-04-26T10:00:00.000000000.nc,2020-04-26T10:00:00.000000000,Atmospheric River (AR),1038240,30391,0.029271652026506396,48089,17698,0.36802595188088755,0.6319740481191125
2020-04-27T03:00:00.000000000.nc,2020-04-27T03:00:00.000000000,Atmospheric River (AR),1038240,55155,0.05312355524734166,107372,52217,0.4863185933017919,0.513681406698208
2020-04-29T06:00:00.000000000.nc,2020-04-29T06:00:00.000000000,Atmospheric River (AR),1038240,48065,0.046294691015564805,88013,39948,0.45388749389294764,0.5461125061070524
2020-04-29T08:00:00.000000000.nc,2020-04-29T08:00:00.000000000,Atmospheric River (AR),1038240,33149,0.0319280705809832,65410,32261,0.4932120470876013,0.5067879529123988
2020-04-30T19:00:00.000000000.nc,2020-04-30T19:00:00.000000000,Atmospheric River (AR),1038240,39017,0.03757994298042842,62515,23498,0.37587778933056065,0.6241222106694393
2020-05-01T05:00:00.000000000.nc,2020-05-01T05:00:00.000000000,Atmospheric River (AR),1038240,28509,0.027458969024503004,44731,16222,0.3626567704723793,0.6373432295276207
2020-05-02T20:00:00.000000000.nc,2020-05-02T20:00:00.000000000,Atmospheric River (AR),1038240,68172,0.06566111881645863,73657,5485,0.0744667852342615,0.9255332147657385
2020-05-04T00:00:00.000000000.nc,2020-05-04T00:00:00.000000000,Atmospheric River (AR),1038240,44929,0.043274194791185085,102247,57318,0.5605836846068833,0.43941631539311665
2020-05-04T13:00:00.000000000.nc,2020-05-04T13:00:00.000000000,Atmospheric River (AR),1038240,53494,0.05152373247033441,106178,52684,0.4961856505114054,0.5038143494885946
2020-05-06T00:00:00.000000000.nc,2020-05-06T00:00:00.000000000,Atmospheric River (AR),1038240,37641,0.036254623208506705,76437,38796,0.5075552415714902,0.49244475842850977
2020-05-09T14:00:00.000000000.nc,2020-05-09T14:00:00.000000000,Atmospheric River (AR),1038240,24037,0.023151679765757435,34664,10627,0.3065716593584122,0.6934283406415878
2020-05-10T23:00:00.000000000.nc,2020-05-10T23:00:00.000000000,Atmospheric River (AR),1038240,68022,0.06551664355062413,92786,24764,0.2668937124135107,0.7331062875864893
2020-05-13T19:00:00.000000000.nc,2020-05-13T19:00:00.000000000,Atmospheric River (AR),1038240,70890,0.06827901063337957,98253,27363,0.2784953131202101,0.72150468687979
2020-05-15T22:00:00.000000000.nc,2020-05-15T22:00:00.000000000,Atmospheric River (AR),1038240,61256,0.058999845893049775,92732,31476,0.3394297545615322,0.6605702454384679
2020-05-16T00:00:00.000000000.nc,2020-05-16T00:00:00.000000000,Atmospheric River (AR),1038240,41116,0.03960163353367237,66290,25174,0.37975561924875545,0.6202443807512446
2020-05-17T03:00:00.000000000.nc,2020-05-17T03:00:00.000000000,Atmospheric River (AR),1038240,56579,0.054495107104330406,84339,27760,0.32914784382077095,0.6708521561792291
2020-05-17T08:00:00.000000000.nc,2020-05-17T08:00:00.000000000,Atmospheric River (AR),1038240,44772,0.04312297734627832,61361,16589,0.2703508743338603,0.7296491256661397
2020-05-17T12:00:00.000000000.nc,2020-05-17T12:00:00.000000000,Atmospheric River (AR),1038240,29680,0.028586839266450916,55706,26026,0.4672028147775823,0.5327971852224177
2020-05-18T11:00:00.000000000.nc,2020-05-18T11:00:00.000000000,Atmospheric River (AR),1038240,52326,0.05039875173370319,116022,63696,0.5489993277137095,0.45100067228629054
2020-05-22T10:00:00.000000000.nc,2020-05-22T10:00:00.000000000,Atmospheric River (AR),1038240,46117,0.044418438896594234,76073,29956,0.3937796590117387,0.6062203409882613
2020-05-28T19:00:00.000000000.nc,2020-05-28T19:00:00.000000000,Atmospheric River (AR),1038240,40985,0.03947545846817691,85386,44401,0.5200032792261027,0.4799967207738974
2020-05-29T15:00:00.000000000.nc,2020-05-29T15:00:00.000000000,Atmospheric River (AR),1038240,53112,0.05115580212667591,84511,31399,0.37153743299688796,0.628462567003112
2020-05-29T17:00:00.000000000.nc,2020-05-29T17:00:00.000000000,Atmospheric River (AR),1038240,28106,0.02707081214362768,45827,17721,0.38669343400178935,0.6133065659982107
2020-05-31T06:00:00.000000000.nc,2020-05-31T06:00:00.000000000,Atmospheric River (AR),1038240,46833,0.0451080674988442,90394,43561,0.48190145363630327,0.5180985463636967
2020-06-03T03:00:00.000000000.nc,2020-06-03T03:00:00.000000000,Atmospheric River (AR),1038240,38284,0.036873940514717214,55628,17344,0.3117854317969368,0.6882145682030633
2020-06-03T13:00:00.000000000.nc,2020-06-03T13:00:00.000000000,Atmospheric River (AR),1038240,31579,0.03041589613191555,69240,37661,0.5439196995956095,0.4560803004043905
2020-06-04T20:00:00.000000000.nc,2020-06-04T20:00:00.000000000,Atmospheric River (AR),1038240,60125,0.05791050238865773,109629,49504,0.45155935017194354,0.5484406498280564
2020-06-10T10:00:00.000000000.nc,2020-06-10T10:00:00.000000000,Atmospheric River (AR),1038240,64184,0.061820003082139,121062,56878,0.46982537873155905,0.530174621268441
2020-06-11T09:00:00.000000000.nc,2020-06-11T09:00:00.000000000,Atmospheric River (AR),1038240,26629,0.025648212359377406,65515,38886,0.5935434633290086,0.40645653667099135
2020-06-11T17:00:00.000000000.nc,2020-06-11T17:00:00.000000000,Atmospheric River (AR),1038240,61731,0.05945735090152566,72235,10504,0.1454142728594172,0.8545857271405828
2020-06-11T19:00:00.000000000.nc,2020-06-11T19:00:00.000000000,Atmospheric River (AR),1038240,84190,0.08108915087070427,141933,57743,0.4068328013922062,0.5931671986077938
2020-06-12T22:00:00.000000000.nc,2020-06-12T22:00:00.000000000,Atmospheric River (AR),1038240,47715,0.045957582061951,99119,51404,0.5186089448037208,0.4813910551962792
2020-06-14T13:00:00.000000000.nc,2020-06-14T13:00:00.000000000,Atmospheric River (AR),1038240,34430,0.03316188935120974,64897,30467,0.4694670015563123,0.5305329984436877
2020-06-16T04:00:00.000000000.nc,2020-06-16T04:00:00.000000000,Atmospheric River (AR),1038240,76387,0.07357354754199415,120707,44320,0.367170089555701,0.632829910444299
2020-06-17T02:00:00.000000000.nc,2020-06-17T02:00:00.000000000,Atmospheric River (AR),1038240,52503,0.05056923254738789,73438,20935,0.28507039952068414,0.7149296004793159
2020-06-18T19:00:00.000000000.nc,2020-06-18T19:00:00.000000000,Atmospheric River (AR),1038240,46934,0.04520534751117276,80560,33626,0.41740317775571,0.58259682224429
2020-06-18T23:00:00.000000000.nc,2020-06-18T23:00:00.000000000,Atmospheric River (AR),1038240,28617,0.02756299121590384,67469,38852,0.5758496494686448,0.42415035053135514
2020-06-22T00:00:00.000000000.nc,2020-06-22T00:00:00.000000000,Atmospheric River (AR),1038240,43744,0.04213284019109262,100238,56494,0.5635986352481095,0.4364013647518905
2020-06-22T08:00:00.000000000.nc,2020-06-22T08:00:00.000000000,Atmospheric River (AR),1038240,59070,0.05689435968562182,77612,18542,0.23890635468741947,0.7610936453125805
2020-06-29T20:00:00.000000000.nc,2020-06-29T20:00:00.000000000,Atmospheric River (AR),1038240,75710,0.07292148250886114,103715,28005,0.27001880152340546,0.7299811984765945
2020-06-30T11:00:00.000000000.nc,2020-06-30T11:00:00.000000000,Atmospheric River (AR),1038240,43455,0.0418544845122515,74679,31224,0.41810950869722413,0.5818904913027759
2020-06-30T20:00:00.000000000.nc,2020-06-30T20:00:00.000000000,Atmospheric River (AR),1038240,51042,0.049162043458159964,99990,48948,0.4895289528952895,0.5104710471047105
2020-07-02T17:00:00.000000000.nc,2020-07-02T17:00:00.000000000,Atmospheric River (AR),1038240,29458,0.028373015873015873,71646,42188,0.5888395723417916,0.4111604276582084
2020-07-03T20:00:00.000000000.nc,2020-07-03T20:00:00.000000000,Atmospheric River (AR),1038240,62906,0.06058907381722916,93280,30374,0.32562178387650087,0.6743782161234991
2020-07-04T04:00:00.000000000.nc,2020-07-04T04:00:00.000000000,Atmospheric River (AR),1038240,30436,0.029314994606256743,70871,40435,0.5705436638399345,0.42945633616006545
2020-07-05T06:00:00.000000000.nc,2020-07-05T06:00:00.000000000,Atmospheric River (AR),1038240,44886,0.04323277854831253,81308,36422,0.4479510011315,0.5520489988685
2020-07-05T10:00:00.000000000.nc,2020-07-05T10:00:00.000000000,Atmospheric River (AR),1038240,52282,0.05035637232239174,99456,47174,0.47432030244530243,0.5256796975546976
2020-07-05T11:00:00.000000000.nc,2020-07-05T11:00:00.000000000,Atmospheric River (AR),1038240,63903,0.06154935275080906,136173,72270,0.5307219492851005,0.4692780507148994
2020-07-06T22:00:00.000000000.nc,2020-07-06T22:00:00.000000000,Atmospheric River (AR),1038240,50255,0.04840402989674834,87968,37713,0.4287127137140778,0.5712872862859222
2020-07-09T21:00:00.000000000.nc,2020-07-09T21:00:00.000000000,Atmospheric River (AR),1038240,44275,0.04264428263214671,96187,51912,0.5396987118841423,0.46030128811585763
2020-07-12T03:00:00.000000000.nc,2020-07-12T03:00:00.000000000,Atmospheric River (AR),1038240,39668,0.0382069656341501,79846,40178,0.5031936477719611,0.496806352228039
2020-07-12T17:00:00.000000000.nc,2020-07-12T17:00:00.000000000,Atmospheric River (AR),1038240,58318,0.05617005701957158,115294,56976,0.49418009610213887,0.5058199038978611
2020-07-14T21:00:00.000000000.nc,2020-07-14T21:00:00.000000000,Atmospheric River (AR),1038240,78430,0.07554130066265989,131198,52768,0.4022012530678821,0.5977987469321179
2020-07-18T22:00:00.000000000.nc,2020-07-18T22:00:00.000000000,Atmospheric River (AR),1038240,49213,0.047400408383418094,72462,23249,0.3208440285942977,0.6791559714057023
2020-07-19T18:00:00.000000000.nc,2020-07-19T18:00:00.000000000,Atmospheric River (AR),1038240,42933,0.04135171058714748,84464,41531,0.491700606175412,0.508299393824588
2020-07-24T02:00:00.000000000.nc,2020-07-24T02:00:00.000000000,Atmospheric River (AR),1038240,57255,0.0551462089690245,80112,22857,0.28531306171360094,0.7146869382863991
2020-07-24T08:00:00.000000000.nc,2020-07-24T08:00:00.000000000,Atmospheric River (AR),1038240,57181,0.055074934504546154,103347,46166,0.4467086611125625,0.5532913388874374
2020-07-24T10:00:00.000000000.nc,2020-07-24T10:00:00.000000000,Atmospheric River (AR),1038240,56329,0.054254314994606256,90878,34549,0.380169017804089,0.619830982195911
2020-07-28T03:00:00.000000000.nc,2020-07-28T03:00:00.000000000,Atmospheric River (AR),1038240,71813,0.06916801510248112,119253,47440,0.3978096987077893,0.6021903012922106
2020-07-28T20:00:00.000000000.nc,2020-07-28T20:00:00.000000000,Atmospheric River (AR),1038240,63469,0.06113133764832794,94180,30711,0.32608834147377364,0.6739116585262264
2020-07-28T23:00:00.000000000.nc,2020-07-28T23:00:00.000000000,Atmospheric River (AR),1038240,62869,0.06055343658498998,110435,47566,0.43071490016751934,0.5692850998324807
2020-07-30T08:00:00.000000000.nc,2020-07-30T08:00:00.000000000,Atmospheric River (AR),1038240,33067,0.031849090768993685,51660,18593,0.35991095625241964,0.6400890437475804
2020-08-01T14:00:00.000000000.nc,2020-08-01T14:00:00.000000000,Atmospheric River (AR),1038240,92287,0.08888792572045,106299,14012,0.13181685622630504,0.868183143773695
2020-08-05T22:00:00.000000000.nc,2020-08-05T22:00:00.000000000,Atmospheric River (AR),1038240,42376,0.040815225766682076,67237,24861,0.36975177357704836,0.6302482264229516
2020-08-06T18:00:00.000000000.nc,2020-08-06T18:00:00.000000000,Atmospheric River (AR),1038240,42050,0.04050123285560179,65759,23709,0.3605438038899618,0.6394561961100381
2020-08-07T04:00:00.000000000.nc,2020-08-07T04:00:00.000000000,Atmospheric River (AR),1038240,66069,0.06363557558945908,106170,40101,0.37770556654422155,0.6222944334557785
2020-08-08T07:00:00.000000000.nc,2020-08-08T07:00:00.000000000,Atmospheric River (AR),1038240,62813,0.060499499152411776,117903,55090,0.4672485008863218,0.5327514991136781
2020-08-09T19:00:00.000000000.nc,2020-08-09T19:00:00.000000000,Atmospheric River (AR),1038240,65967,0.06353733240869164,101641,35674,0.3509804114481361,0.6490195885518639
2020-08-13T04:00:00.000000000.nc,2020-08-13T04:00:00.000000000,Atmospheric River (AR),1038240,28323,0.02727981969486824,48277,19954,0.41332311452658616,0.5866768854734138
2020-08-16T10:00:00.000000000.nc,2020-08-16T10:00:00.000000000,Atmospheric River (AR),1038240,67039,0.06456984897518878,91845,24806,0.27008547008547007,0.7299145299145299
2020-08-17T21:00:00.000000000.nc,2020-08-17T21:00:00.000000000,Atmospheric River (AR),1038240,42446,0.04088264755740484,80938,38492,0.47557389606859574,0.5244261039314043
2020-08-18T04:00:00.000000000.nc,2020-08-18T04:00:00.000000000,Atmospheric River (AR),1038240,53809,0.05182713052858684,80456,26647,0.331199661927016,0.668800338072984
2020-08-18T15:00:00.000000000.nc,2020-08-18T15:00:00.000000000,Atmospheric River (AR),1038240,23926,0.023044768069039913,63997,40071,0.6261387252527463,0.3738612747472538
2020-08-19T01:00:00.000000000.nc,2020-08-19T01:00:00.000000000,Atmospheric River (AR),1038240,27527,0.02651313761750655,71899,44372,0.6171434929553957,0.3828565070446042
2020-08-19T17:00:00.000000000.nc,2020-08-19T17:00:00.000000000,Atmospheric River (AR),1038240,57190,0.055083603020496225,97115,39925,0.4111105390516398,0.5888894609483601
2020-08-21T05:00:00.000000000.nc,2020-08-21T05:00:00.000000000,Atmospheric River (AR),1038240,50808,0.04893666204345816,94317,43509,0.4613060211838799,0.5386939788161201
2020-08-22T17:00:00.000000000.nc,2020-08-22T17:00:00.000000000,Atmospheric River (AR),1038240,35253,0.03395457697642164,63619,28366,0.44587308822835947,0.5541269117716405
2020-08-29T10:00:00.000000000.nc,2020-08-29T10:00:00.000000000,Atmospheric River (AR),1038240,28777,0.02771709816612729,63126,34349,0.544133954313595,0.455866045686405
2020-08-30T19:00:00.000000000.nc,2020-08-30T19:00:00.000000000,Atmospheric River (AR),1038240,75207,0.07243700878409616,108352,33145,0.3059011370348494,0.6940988629651507
2020-09-01T00:00:00.000000000.nc,2020-09-01T00:00:00.000000000,Atmospheric River (AR),1038240,57944,0.05580983202342426,108149,50205,0.46422065853590877,0.5357793414640912
2020-09-02T17:00:00.000000000.nc,2020-09-02T17:00:00.000000000,Atmospheric River (AR),1038240,66278,0.06383687779318847,114184,47906,0.4195509003012681,0.5804490996987318
2020-09-03T06:00:00.000000000.nc,2020-09-03T06:00:00.000000000,Atmospheric River (AR),1038240,63420,0.06108414239482201,110757,47337,0.4273951082098648,0.5726048917901352
2020-09-03T21:00:00.000000000.nc,2020-09-03T21:00:00.000000000,Atmospheric River (AR),1038240,59513,0.057321043304053014,78515,19002,0.2420174488951156,0.7579825511048844
2020-09-06T10:00:00.000000000.nc,2020-09-06T10:00:00.000000000,Atmospheric River (AR),1038240,54027,0.0520371012482663,92997,38970,0.4190457756701829,0.5809542243298171
2020-09-07T07:00:00.000000000.nc,2020-09-07T07:00:00.000000000,Atmospheric River (AR),1038240,91235,0.08787467252273078,114305,23070,0.2018284414505052,0.7981715585494947
2020-09-10T02:00:00.000000000.nc,2020-09-10T02:00:00.000000000,Atmospheric River (AR),1038240,41588,0.04005624903683156,82525,40937,0.49605574068464103,0.503944259315359
2020-09-10T08:00:00.000000000.nc,2020-09-10T08:00:00.000000000,Atmospheric River (AR),1038240,49984,0.04814301124980737,96340,46356,0.4811708532281503,0.5188291467718497
2020-09-11T01:00:00.000000000.nc,2020-09-11T01:00:00.000000000,Atmospheric River (AR),1038240,48587,0.046797464940668825,82193,33606,0.4088669351404621,0.5911330648595379
2020-09-12T17:00:00.000000000.nc,2020-09-12T17:00:00.000000000,Atmospheric River (AR),1038240,44678,0.04303243951302204,92852,48174,0.5188256580364451,0.4811743419635549
2020-09-15T13:00:00.000000000.nc,2020-09-15T13:00:00.000000000,Atmospheric River (AR),1038240,52789,0.05084469872091231,85626,32837,0.383493331464742,0.6165066685352579
2020-09-16T16:00:00.000000000.nc,2020-09-16T16:00:00.000000000,Atmospheric River (AR),1038240,51420,0.04952612112806288,97670,46250,0.47353332650762775,0.5264666734923723
2020-09-17T16:00:00.000000000.nc,2020-09-17T16:00:00.000000000,Atmospheric River (AR),1038240,60181,0.05796443982123594,104935,44754,0.4264925906513556,0.5735074093486444
2020-09-19T12:00:00.000000000.nc,2020-09-19T12:00:00.000000000,Atmospheric River (AR),1038240,51037,0.04915722761596548,103535,52498,0.5070555850678514,0.4929444149321485
2020-09-24T02:00:00.000000000.nc,2020-09-24T02:00:00.000000000,Atmospheric River (AR),1038240,52909,0.050960278933579906,89200,36291,0.40684977578475334,0.5931502242152467
2020-09-24T09:00:00.000000000.nc,2020-09-24T09:00:00.000000000,Atmospheric River (AR),1038240,46236,0.04453305594082293,84734,38498,0.45433946231736966,0.5456605376826303
2020-09-24T18:00:00.000000000.nc,2020-09-24T18:00:00.000000000,Atmospheric River (AR),1038240,82388,0.0793535213438126,114844,32456,0.28260945282295985,0.7173905471770402
2020-09-25T18:00:00.000000000.nc,2020-09-25T18:00:00.000000000,Atmospheric River (AR),1038240,42158,0.04060525504700262,59179,17021,0.287618918873249,0.712381081126751
2020-09-26T11:00:00.000000000.nc,2020-09-26T11:00:00.000000000,Atmospheric River (AR),1038240,27706,0.02668554476806904,48953,21247,0.43402855800461665,0.5659714419953833
2020-09-29T12:00:00.000000000.nc,2020-09-29T12:00:00.000000000,Atmospheric River (AR),1038240,36537,0.03519128525196486,59963,23426,0.39067424912029086,0.6093257508797092
2020-09-30T15:00:00.000000000.nc,2020-09-30T15:00:00.000000000,Atmospheric River (AR),1038240,72043,0.06938954384342734,135790,63747,0.4694528315781722,0.5305471684218278
2020-10-01T09:00:00.000000000.nc,2020-10-01T09:00:00.000000000,Atmospheric River (AR),1038240,45555,0.04387713823393435,111670,66115,0.5920569535237754,0.4079430464762246
2020-10-01T14:00:00.000000000.nc,2020-10-01T14:00:00.000000000,Atmospheric River (AR),1038240,63370,0.06103598397287718,92477,29107,0.314748532067433,0.685251467932567
2020-10-03T10:00:00.000000000.nc,2020-10-03T10:00:00.000000000,Atmospheric River (AR),1038240,42652,0.041081060255817536,86144,43492,0.5048755572065379,0.4951244427934621
2020-10-04T13:00:00.000000000.nc,2020-10-04T13:00:00.000000000,Atmospheric River (AR),1038240,24692,0.023782555093234705,56361,31669,0.5618956370539913,0.43810436294600874
2020-10-05T08:00:00.000000000.nc,2020-10-05T08:00:00.000000000,Atmospheric River (AR),1038240,46628,0.044910617968870394,116121,69493,0.5984533374669526,0.40154666253304744
2020-10-05T22:00:00.000000000.nc,2020-10-05T22:00:00.000000000,Atmospheric River (AR),1038240,42176,0.04062259207890276,92194,50018,0.5425298826387834,0.45747011736121657
2020-10-06T05:00:00.000000000.nc,2020-10-06T05:00:00.000000000,Atmospheric River (AR),1038240,73658,0.07094506087224534,99301,25643,0.25823506309100613,0.7417649369089939
2020-10-07T16:00:00.000000000.nc,2020-10-07T16:00:00.000000000,Atmospheric River (AR),1038240,71584,0.0689474495299738,89275,17691,0.19816297955754691,0.8018370204424531
2020-10-07T18:00:00.000000000.nc,2020-10-07T18:00:00.000000000,Atmospheric River (AR),1038240,71345,0.06871725227307751,129030,57685,0.44706657366503916,0.5529334263349609
2020-10-08T00:00:00.000000000.nc,2020-10-08T00:00:00.000000000,Atmospheric River (AR),1038240,52279,0.05035348281707505,88878,36599,0.4117891941762866,0.5882108058237134
2020-10-09T15:00:00.000000000.nc,2020-10-09T15:00:00.000000000,Atmospheric River (AR),1038240,35982,0.034656726768377256,83630,47648,0.5697476981944278,0.43025230180557217
2020-10-11T04:00:00.000000000.nc,2020-10-11T04:00:00.000000000,Atmospheric River (AR),1038240,58968,0.05679611650485437,80970,22002,0.27173027047054465,0.7282697295294553
2020-10-12T06:00:00.000000000.nc,2020-10-12T06:00:00.000000000,Atmospheric River (AR),1038240,46340,0.04463322545846818,70001,23661,0.33800945700775703,0.6619905429922429
2020-10-17T18:00:00.000000000.nc,2020-10-17T18:00:00.000000000,Atmospheric River (AR),1038240,61685,0.05941304515333642,109863,48178,0.43852798485386346,0.5614720151461365
2020-10-21T07:00:00.000000000.nc,2020-10-21T07:00:00.000000000,Atmospheric River (AR),1038240,45624,0.043943596856218216,67981,22357,0.3288713022756358,0.6711286977243641
2020-10-21T23:00:00.000000000.nc,2020-10-21T23:00:00.000000000,Atmospheric River (AR),1038240,33795,0.0325502773925104,81605,47810,0.5858709637889835,0.4141290362110165
2020-10-23T03:00:00.000000000.nc,2020-10-23T03:00:00.000000000,Atmospheric River (AR),1038240,54708,0.05269301895515488,105300,50592,0.48045584045584044,0.5195441595441596
2020-10-24T05:00:00.000000000.nc,2020-10-24T05:00:00.000000000,Atmospheric River (AR),1038240,72647,0.06997129758052088,105428,32781,0.3109325795803771,0.6890674204196229
2020-10-27T05:00:00.000000000.nc,2020-10-27T05:00:00.000000000,Atmospheric River (AR),1038240,69097,0.06655204962243798,99295,30198,0.3041240747268241,0.6958759252731759
2020-10-27T23:00:00.000000000.nc,2020-10-27T23:00:00.000000000,Atmospheric River (AR),1038240,55269,0.053233356449375865,78128,22859,0.2925839647757526,0.7074160352242473
2020-10-29T00:00:00.000000000.nc,2020-10-29T00:00:00.000000000,Atmospheric River (AR),1038240,48555,0.04676664355062413,83208,34653,0.41646235938852033,0.5835376406114796
2020-11-03T07:00:00.000000000.nc,2020-11-03T07:00:00.000000000,Atmospheric River (AR),1038240,15680,0.015102481121898598,37678,21998,0.5838420298317321,0.41615797016826794
2020-11-04T00:00:00.000000000.nc,2020-11-04T00:00:00.000000000,Atmospheric River (AR),1038240,55525,0.053479927569733396,114404,58879,0.5146585783713856,0.4853414216286144
2020-11-05T00:00:00.000000000.nc,2020-11-05T00:00:00.000000000,Atmospheric River (AR),1038240,62635,0.06032805517028818,117738,55103,0.4680137253902733,0.5319862746097267
2020-11-05T21:00:00.000000000.nc,2020-11-05T21:00:00.000000000,Atmospheric River (AR),1038240,52664,0.05072430266605024,105853,53189,0.5024798541373414,0.4975201458626586
2020-11-06T06:00:00.000000000.nc,2020-11-06T06:00:00.000000000,Atmospheric River (AR),1038240,50198,0.048349129295731236,97123,46925,0.48315023217981323,0.5168497678201868
2020-11-07T05:00:00.000000000.nc,2020-11-07T05:00:00.000000000,Atmospheric River (AR),1038240,55755,0.05370145631067961,71069,15314,0.21548072999479378,0.7845192700052062
2020-11-09T06:00:00.000000000.nc,2020-11-09T06:00:00.000000000,Atmospheric River (AR),1038240,55611,0.053562760055478505,79249,23638,0.29827505709851226,0.7017249429014877
2020-11-11T08:00:00.000000000.nc,2020-11-11T08:00:00.000000000,Atmospheric River (AR),1038240,54562,0.05255239636307597,105927,51365,0.484909418750649,0.5150905812493509
2020-11-14T14:00:00.000000000.nc,2020-11-14T14:00:00.000000000,Atmospheric River (AR),1038240,44180,0.042552781630451536,86227,42047,0.4876314843378524,0.5123685156621476
2020-11-18T14:00:00.000000000.nc,2020-11-18T14:00:00.000000000,Atmospheric River (AR),1038240,30904,0.02976575743566035,51975,21071,0.4054064454064454,0.5945935545935546
2020-11-20T21:00:00.000000000.nc,2020-11-20T21:00:00.000000000,Atmospheric River (AR),1038240,53884,0.05189936816150408,95872,41988,0.4379589452603471,0.5620410547396528
2020-11-21T06:00:00.000000000.nc,2020-11-21T06:00:00.000000000,Atmospheric River (AR),1038240,64977,0.06258379565418401,92613,27636,0.29840303197175344,0.7015969680282466
2020-11-21T21:00:00.000000000.nc,2020-11-21T21:00:00.000000000,Atmospheric River (AR),1038240,48620,0.04682924949915241,103218,54598,0.528958127458389,0.47104187254161095
2020-11-22T03:00:00.000000000.nc,2020-11-22T03:00:00.000000000,Atmospheric River (AR),1038240,45790,0.04410348281707505,85918,40128,0.4670499778858912,0.5329500221141088
2020-11-23T12:00:00.000000000.nc,2020-11-23T12:00:00.000000000,Atmospheric River (AR),1038240,28329,0.027285598705501617,64842,36513,0.5631072453039696,0.43689275469603034
2020-11-24T23:00:00.000000000.nc,2020-11-24T23:00:00.000000000,Atmospheric River (AR),1038240,65307,0.06290164123901988,87720,22413,0.2555061559507524,0.7444938440492476
2020-11-26T06:00:00.000000000.nc,2020-11-26T06:00:00.000000000,Atmospheric River (AR),1038240,38822,0.03739212513484358,80668,41846,0.5187434918431101,0.48125650815689
2020-11-26T17:00:00.000000000.nc,2020-11-26T17:00:00.000000000,Atmospheric River (AR),1038240,50500,0.04864000616427801,71414,20914,0.29285574257148456,0.7071442574285154
2020-11-27T16:00:00.000000000.nc,2020-11-27T16:00:00.000000000,Atmospheric River (AR),1038240,36734,0.035381029434427495,61410,24676,0.4018238071975248,0.5981761928024751
2020-11-28T21:00:00.000000000.nc,2020-11-28T21:00:00.000000000,Atmospheric River (AR),1038240,72817,0.0701350362151333,108311,35494,0.32770448061600393,0.6722955193839961
2020-11-29T00:00:00.000000000.nc,2020-11-29T00:00:00.000000000,Atmospheric River (AR),1038240,33431,0.03219968408075204,60966,27535,0.45164517928025455,0.5483548207197454
2020-12-03T10:00:00.000000000.nc,2020-12-03T10:00:00.000000000,Atmospheric River (AR),1038240,64223,0.06185756665125597,91614,27391,0.2989826882354225,0.7010173117645775
2020-12-04T10:00:00.000000000.nc,2020-12-04T10:00:00.000000000,Atmospheric River (AR),1038240,51035,0.04915530127908769,87847,36812,0.4190467517388186,0.5809532482611813
2020-12-04T11:00:00.000000000.nc,2020-12-04T11:00:00.000000000,Atmospheric River (AR),1038240,39642,0.03818192325473879,58449,18807,0.32176769491351437,0.6782323050864857
2020-12-06T19:00:00.000000000.nc,2020-12-06T19:00:00.000000000,Atmospheric River (AR),1038240,45869,0.04417957312374788,96176,50307,0.5230722841457328,0.4769277158542672
2020-12-06T20:00:00.000000000.nc,2020-12-06T20:00:00.000000000,Atmospheric River (AR),1038240,53532,0.051560332871012485,87980,34448,0.39154353262105024,0.6084564673789498
2020-12-07T11:00:00.000000000.nc,2020-12-07T11:00:00.000000000,Atmospheric River (AR),1038240,51524,0.04962629064570812,82005,30481,0.3716968477531858,0.6283031522468142
2020-12-11T10:00:00.000000000.nc,2020-12-11T10:00:00.000000000,Atmospheric River (AR),1038240,98116,0.09450223455077825,130368,32252,0.24739199803632794,0.7526080019636721
2020-12-12T08:00:00.000000000.nc,2020-12-12T08:00:00.000000000,Atmospheric River (AR),1038240,52806,0.05086107258437356,99566,46760,0.46963822991784343,0.5303617700821566
2020-12-14T01:00:00.000000000.nc,2020-12-14T01:00:00.000000000,Atmospheric River (AR),1038240,66892,0.06442826321467097,110968,44076,0.3971955879172374,0.6028044120827626
2020-12-14T02:00:00.000000000.nc,2020-12-14T02:00:00.000000000,Atmospheric River (AR),1038240,60912,0.05866851595006935,108910,47998,0.4407125149205766,0.5592874850794234
2020-12-14T21:00:00.000000000.nc,2020-12-14T21:00:00.000000000,Atmospheric River (AR),1038240,48717,0.04692267683772538,74196,25479,0.3434012615235323,0.6565987384764678
2020-12-16T15:00:00.000000000.nc,2020-12-16T15:00:00.000000000,Atmospheric River (AR),1038240,45323,0.04365368315611034,78904,33581,0.4255931258237859,0.5744068741762142
2020-12-19T10:00:00.000000000.nc,2020-12-19T10:00:00.000000000,Atmospheric River (AR),1038240,45118,0.043456233626136535,62136,17018,0.2738830951461311,0.7261169048538689
2020-12-21T21:00:00.000000000.nc,2020-12-21T21:00:00.000000000,Atmospheric River (AR),1038240,60126,0.05791146555709663,87816,27690,0.3153183930035529,0.6846816069964471
2020-12-22T12:00:00.000000000.nc,2020-12-22T12:00:00.000000000,Atmospheric River (AR),1038240,18803,0.01811045615657266,37794,18991,0.5024871672752289,0.49751283272477115
2020-12-22T15:00:00.000000000.nc,2020-12-22T15:00:00.000000000,Atmospheric River (AR),1038240,36796,0.03544074587763908,79198,42402,0.5353923078865628,0.4646076921134372
2020-12-24T23:00:00.000000000.nc,2020-12-24T23:00:00.000000000,Atmospheric River (AR),1038240,60441,0.058214863615349055,103204,42763,0.41435409480252705,0.585645905197473
2020-12-25T21:00:00.000000000.nc,2020-12-25T21:00:00.000000000,Atmospheric River (AR),1038240,21449,0.02065899984589305,41940,20491,0.4885789222699094,0.5114210777300906
2020-12-26T09:00:00.000000000.nc,2020-12-26T09:00:00.000000000,Atmospheric River (AR),1038240,54182,0.05218639235629527,103658,49476,0.4773003530841807,0.5226996469158194
2020-12-26T10:00:00.000000000.nc,2020-12-26T10:00:00.000000000,Atmospheric River (AR),1038240,37018,0.035654569271074125,79781,42763,0.5360048131760695,0.4639951868239305
2020-12-30T19:00:00.000000000.nc,2020-12-30T19:00:00.000000000,Atmospheric River (AR),1038240,51752,0.049845893049776546,85155,33403,0.39226117080617695,0.607738829193823
2020-12-31T07:00:00.000000000.nc,2020-12-31T07:00:00.000000000,Atmospheric River (AR),1038240,35883,0.03456137309292649,78603,42720,0.5434907064615855,0.4565092935384146
2020-12-31T09:00:00.000000000.nc,2020-12-31T09:00:00.000000000,Atmospheric River (AR),1038240,53642,0.05166628139929111,82447,28805,0.34937596273969945,0.6506240372603006
2021-01-03T05:00:00.000000000.nc,2021-01-03T05:00:00.000000000,Atmospheric River (AR),1038240,43502,0.041899753428879645,95248,51746,0.5432764992440786,0.4567235007559214
2021-01-03T20:00:00.000000000.nc,2021-01-03T20:00:00.000000000,Atmospheric River (AR),1038240,87947,0.08470777469563877,152154,64207,0.4219869342902586,0.5780130657097414
2021-01-05T23:00:00.000000000.nc,2021-01-05T23:00:00.000000000,Atmospheric River (AR),1038240,65128,0.06272923408845739,94023,28895,0.3073184220882125,0.6926815779117875
2021-01-07T23:00:00.000000000.nc,2021-01-07T23:00:00.000000000,Atmospheric River (AR),1038240,49161,0.04735032362459547,95908,46747,0.4874150227301164,0.5125849772698836
2021-01-10T16:00:00.000000000.nc,2021-01-10T16:00:00.000000000,Atmospheric River (AR),1038240,40842,0.0393377253814147,83914,43072,0.5132874133040971,0.48671258669590295
2021-01-14T01:00:00.000000000.nc,2021-01-14T01:00:00.000000000,Atmospheric River (AR),1038240,56362,0.05428609955308984,119913,63551,0.529975899193582,0.470024100806418
2021-01-14T05:00:00.000000000.nc,2021-01-14T05:00:00.000000000,Atmospheric River (AR),1038240,42028,0.04048004314994606,76727,34699,0.4522397591460633,0.5477602408539367
2021-01-14T22:00:00.000000000.nc,2021-01-14T22:00:00.000000000,Atmospheric River (AR),1038240,48799,0.0470016566497149,100584,51785,0.5148433150401655,0.48515668495983455
2021-01-17T21:00:00.000000000.nc,2021-01-17T21:00:00.000000000,Atmospheric River (AR),1038240,52498,0.050564416705193405,89110,36612,0.4108629783413758,0.5891370216586241
2021-01-18T16:00:00.000000000.nc,2021-01-18T16:00:00.000000000,Atmospheric River (AR),1038240,59827,0.05762347819386655,84181,24354,0.2893051876314133,0.7106948123685868
2021-01-22T21:00:00.000000000.nc,2021-01-22T21:00:00.000000000,Atmospheric River (AR),1038240,63220,0.060891508707042685,109057,45837,0.42030314422733067,0.5796968557726694
2021-01-24T14:00:00.000000000.nc,2021-01-24T14:00:00.000000000,Atmospheric River (AR),1038240,55694,0.053642703035906916,108712,53018,0.48769225108543673,0.5123077489145632
2021-01-25T17:00:00.000000000.nc,2021-01-25T17:00:00.000000000,Atmospheric River (AR),1038240,57951,0.055816574202496534,83681,25730,0.30747720510032145,0.6925227948996785
2021-01-27T01:00:00.000000000.nc,2021-01-27T01:00:00.000000000,Atmospheric River (AR),1038240,45156,0.04349283402681461,106289,61133,0.5751582948376596,0.42484170516234043
2021-01-27T12:00:00.000000000.nc,2021-01-27T12:00:00.000000000,Atmospheric River (AR),1038240,49387,0.0475679996917861,97876,48489,0.49541256283460705,0.5045874371653929
2021-01-27T13:00:00.000000000.nc,2021-01-27T13:00:00.000000000,Atmospheric River (AR),1038240,110288,0.10622592078902758,163687,53399,0.3262262733143133,0.6737737266856867
2021-01-29T02:00:00.000000000.nc,2021-01-29T02:00:00.000000000,Atmospheric River (AR),1038240,53006,0.051053706272152874,97509,44503,0.45639889651211685,0.5436011034878832
2021-02-01T04:00:00.000000000.nc,2021-02-01T04:00:00.000000000,Atmospheric River (AR),1038240,34621,0.03334585452303899,61379,26758,0.4359471480473778,0.5640528519526222
2021-02-02T03:00:00.000000000.nc,2021-02-02T03:00:00.000000000,Atmospheric River (AR),1038240,60942,0.05869741100323624,112499,51557,0.4582885181201611,0.541711481879839
2021-02-03T19:00:00.000000000.nc,2021-02-03T19:00:00.000000000,Atmospheric River (AR),1038240,40382,0.03889466789952227,91122,50740,0.5568358903448124,0.44316410965518754
2021-02-06T15:00:00.000000000.nc,2021-02-06T15:00:00.000000000,Atmospheric River (AR),1038240,47664,0.04590846047156727,78214,30550,0.390595034137111,0.609404965862889
2021-02-09T05:00:00.000000000.nc,2021-02-09T05:00:00.000000000,Atmospheric River (AR),1038240,55350,0.05331137309292649,80645,25295,0.31365862731725463,0.6863413726827454
2021-02-09T17:00:00.000000000.nc,2021-02-09T17:00:00.000000000,Atmospheric River (AR),1038240,57558,0.05543804900601017,101415,43857,0.43245082088448455,0.5675491791155155
2021-02-10T06:00:00.000000000.nc,2021-02-10T06:00:00.000000000,Atmospheric River (AR),1038240,46231,0.04452824009862845,91776,45545,0.4962626394700139,0.5037373605299861
2021-02-10T12:00:00.000000000.nc,2021-02-10T12:00:00.000000000,Atmospheric River (AR),1038240,59896,0.05768993681615041,98500,38604,0.39191878172588834,0.6080812182741117
2021-02-10T18:00:00.000000000.nc,2021-02-10T18:00:00.000000000,Atmospheric River (AR),1038240,90375,0.0870463476652797,119740,29365,0.24523968598630366,0.7547603140136964
2021-02-11T11:00:00.000000000.nc,2021-02-11T11:00:00.000000000,Atmospheric River (AR),1038240,63371,0.06103694714131607,104557,41186,0.3939095421636045,0.6060904578363955
2021-02-12T05:00:00.000000000.nc,2021-02-12T05:00:00.000000000,Atmospheric River (AR),1038240,21435,0.020645515487748498,39234,17799,0.4536626395473314,0.5463373604526686
2021-02-13T00:00:00.000000000.nc,2021-02-13T00:00:00.000000000,Atmospheric River (AR),1038240,76727,0.07390102481121899,103373,26646,0.2577655674112196,0.7422344325887804
2021-02-15T09:00:00.000000000.nc,2021-02-15T09:00:00.000000000,Atmospheric River (AR),1038240,36345,0.03500635691169672,58329,21984,0.37689656945944555,0.6231034305405544
2021-02-16T15:00:00.000000000.nc,2021-02-16T15:00:00.000000000,Atmospheric River (AR),1038240,56482,0.05440167976575744,101678,45196,0.4445012687110289,0.5554987312889711
2021-02-17T03:00:00.000000000.nc,2021-02-17T03:00:00.000000000,Atmospheric River (AR),1038240,61795,0.05951899368161504,133802,72007,0.5381608645610678,0.4618391354389322
2021-02-17T17:00:00.000000000.nc,2021-02-17T17:00:00.000000000,Atmospheric River (AR),1038240,68861,0.06632474187085838,112553,43692,0.3881904524979343,0.6118095475020657
2021-02-28T08:00:00.000000000.nc,2021-02-28T08:00:00.000000000,Atmospheric River (AR),1038240,60450,0.05822353213129912,111619,51169,0.4584255368709628,0.5415744631290371
2021-03-04T19:00:00.000000000.nc,2021-03-04T19:00:00.000000000,Atmospheric River (AR),1038240,44817,0.043166319926028665,66810,21993,0.32918724741805117,0.6708127525819488
2021-03-06T11:00:00.000000000.nc,2021-03-06T11:00:00.000000000,Atmospheric River (AR),1038240,63238,0.06090884573894283,89940,26702,0.29688681343117634,0.7031131865688237
2021-03-10T06:00:00.000000000.nc,2021-03-10T06:00:00.000000000,Atmospheric River (AR),1038240,55604,0.05355601787640622,87811,32207,0.3667763719807313,0.6332236280192687
2021-03-11T00:00:00.000000000.nc,2021-03-11T00:00:00.000000000,Atmospheric River (AR),1038240,39724,0.03826090306672831,86466,46742,0.5405824254620313,0.45941757453796866
2021-03-12T00:00:00.000000000.nc,2021-03-12T00:00:00.000000000,Atmospheric River (AR),1038240,47276,0.04553475111727539,96292,49016,0.5090350184854401,0.49096498151455986
2021-03-14T05:00:00.000000000.nc,2021-03-14T05:00:00.000000000,Atmospheric River (AR),1038240,53491,0.05152084296501772,81040,27549,0.3399432379072063,0.6600567620927937
2021-03-15T20:00:00.000000000.nc,2021-03-15T20:00:00.000000000,Atmospheric River (AR),1038240,53144,0.051186623516720604,85757,32613,0.38029548608276875,0.6197045139172312
2021-03-16T00:00:00.000000000.nc,2021-03-16T00:00:00.000000000,Atmospheric River (AR),1038240,62635,0.06032805517028818,107994,45359,0.4200140748560105,0.5799859251439895
2021-03-16T08:00:00.000000000.nc,2021-03-16T08:00:00.000000000,Atmospheric River (AR),1038240,38820,0.03739019879796579,73759,34939,0.47369134614080993,0.52630865385919
2021-03-17T03:00:00.000000000.nc,2021-03-17T03:00:00.000000000,Atmospheric River (AR),1038240,53704,0.051725997842502695,111760,58056,0.5194702934860416,0.4805297065139585
2021-03-18T01:00:00.000000000.nc,2021-03-18T01:00:00.000000000,Atmospheric River (AR),1038240,39114,0.037673370319001385,66952,27838,0.41579041701517505,0.584209582984825
2021-03-23T04:00:00.000000000.nc,2021-03-23T04:00:00.000000000,Atmospheric River (AR),1038240,75343,0.0725679996917861,120048,44705,0.37239270958283355,0.6276072904171665
2021-03-26T08:00:00.000000000.nc,2021-03-26T08:00:00.000000000,Atmospheric River (AR),1038240,40698,0.03919902912621359,67332,26634,0.3955622883621458,0.6044377116378542
2021-03-26T09:00:00.000000000.nc,2021-03-26T09:00:00.000000000,Atmospheric River (AR),1038240,54872,0.05285097857913392,72019,17147,0.23808994848581624,0.7619100515141838
2021-03-28T11:00:00.000000000.nc,2021-03-28T11:00:00.000000000,Atmospheric River (AR),1038240,54285,0.05228559870550162,85370,31085,0.36412088555698724,0.6358791144430128
2021-03-28T15:00:00.000000000.nc,2021-03-28T15:00:00.000000000,Atmospheric River (AR),1038240,37419,0.03604079981507166,63002,25583,0.4060664740801879,0.5939335259198121
2021-03-30T08:00:00.000000000.nc,2021-03-30T08:00:00.000000000,Atmospheric River (AR),1038240,60378,0.05815418400369857,125800,65422,0.5200476947535771,0.4799523052464229
2021-04-04T01:00:00.000000000.nc,2021-04-04T01:00:00.000000000,Atmospheric River (AR),1038240,39823,0.03835625674217907,82380,42557,0.516593833454722,0.48340616654527796
2021-04-04T05:00:00.000000000.nc,2021-04-04T05:00:00.000000000,Atmospheric River (AR),1038240,80098,0.0771478656187394,104460,24362,0.23321845682557918,0.7667815431744208
2021-04-08T16:00:00.000000000.nc,2021-04-08T16:00:00.000000000,Atmospheric River (AR),1038240,57364,0.05525119432886423,111968,54604,0.4876750500142898,0.5123249499857102
2021-04-08T19:00:00.000000000.nc,2021-04-08T19:00:00.000000000,Atmospheric River (AR),1038240,63892,0.061538757897981196,89470,25578,0.2858835363809098,0.7141164636190902
2021-04-09T00:00:00.000000000.nc,2021-04-09T00:00:00.000000000,Atmospheric River (AR),1038240,62748,0.06043689320388349,112646,49898,0.44296291035633756,0.5570370896436625
2021-04-09T07:00:00.000000000.nc,2021-04-09T07:00:00.000000000,Atmospheric River (AR),1038240,62745,0.06043400369856681,90364,27619,0.30564162719667126,0.6943583728033288
2021-04-10T01:00:00.000000000.nc,2021-04-10T01:00:00.000000000,Atmospheric River (AR),1038240,45073,0.04341289104638619,67355,22282,0.3308143419196793,0.6691856580803207
2021-04-10T13:00:00.000000000.nc,2021-04-10T13:00:00.000000000,Atmospheric River (AR),1038240,74975,0.07221355370627215,121813,46838,0.3845074006879397,0.6154925993120602
2021-04-14T06:00:00.000000000.nc,2021-04-14T06:00:00.000000000,Atmospheric River (AR),1038240,45774,0.04408807212205271,78114,32340,0.414010292649205,0.585989707350795
2021-04-14T08:00:00.000000000.nc,2021-04-14T08:00:00.000000000,Atmospheric River (AR),1038240,40213,0.03873189243334874,89888,49675,0.5526321644713421,0.4473678355286579
2021-04-14T22:00:00.000000000.nc,2021-04-14T22:00:00.000000000,Atmospheric River (AR),1038240,39606,0.03814724919093851,74457,34851,0.4680688182440872,0.5319311817559128
2021-04-18T00:00:00.000000000.nc,2021-04-18T00:00:00.000000000,Atmospheric River (AR),1038240,46197,0.04449549237170596,96408,50211,0.5208177744585512,0.47918222554144885
2021-04-19T04:00:00.000000000.nc,2021-04-19T04:00:00.000000000,Atmospheric River (AR),1038240,34733,0.03345372938819541,65037,30304,0.46595015145225027,0.5340498485477497
2021-04-19T18:00:00.000000000.nc,2021-04-19T18:00:00.000000000,Atmospheric River (AR),1038240,73240,0.07054245646478656,107725,34485,0.32012067765142727,0.6798793223485727
2021-04-20T05:00:00.000000000.nc,2021-04-20T05:00:00.000000000,Atmospheric River (AR),1038240,46874,0.04514755740483896,83901,37027,0.4413177435310664,0.5586822564689337
2021-04-20T21:00:00.000000000.nc,2021-04-20T21:00:00.000000000,Atmospheric River (AR),1038240,22482,0.021653952843273233,36843,14361,0.38978910512173276,0.6102108948782673
2021-04-29T16:00:00.000000000.nc,2021-04-29T16:00:00.000000000,Atmospheric River (AR),1038240,48271,0.0464931037139775,76202,27931,0.3665389359859321,0.6334610640140679
2021-04-30T13:00:00.000000000.nc,2021-04-30T13:00:00.000000000,Atmospheric River (AR),1038240,44408,0.04277238403451996,81707,37299,0.45649699536147453,0.5435030046385254
2021-04-30T18:00:00.000000000.nc,2021-04-30T18:00:00.000000000,Atmospheric River (AR),1038240,41032,0.039520727384805054,74332,33300,0.44799009847710275,0.5520099015228973
2021-04-30T23:00:00.000000000.nc,2021-04-30T23:00:00.000000000,Atmospheric River (AR),1038240,51696,0.04979195561719833,95059,43363,0.4561693264183297,0.5438306735816704
2021-05-02T22:00:00.000000000.nc,2021-05-02T22:00:00.000000000,Atmospheric River (AR),1038240,70098,0.06751618122977346,117051,46953,0.40113283953148626,0.5988671604685137
2021-05-03T21:00:00.000000000.nc,2021-05-03T21:00:00.000000000,Atmospheric River (AR),1038240,71788,0.0691439358915087,122535,50747,0.4141428979475252,0.5858571020524748
2021-05-04T22:00:00.000000000.nc,2021-05-04T22:00:00.000000000,Atmospheric River (AR),1038240,84453,0.08134246417013408,126447,41994,0.3321075233101616,0.6678924766898384
2021-05-06T03:00:00.000000000.nc,2021-05-06T03:00:00.000000000,Atmospheric River (AR),1038240,82652,0.07960779781168131,129414,46762,0.3613364860061508,0.6386635139938492
2021-05-07T06:00:00.000000000.nc,2021-05-07T06:00:00.000000000,Atmospheric River (AR),1038240,48875,0.047074857451071046,86249,37374,0.4333267632088488,0.5666732367911512
2021-05-10T04:00:00.000000000.nc,2021-05-10T04:00:00.000000000,Atmospheric River (AR),1038240,36492,0.035147942672214515,76951,40459,0.5257761432599967,0.4742238567400034
2021-05-10T13:00:00.000000000.nc,2021-05-10T13:00:00.000000000,Atmospheric River (AR),1038240,55797,0.05374190938511327,111471,55674,0.49944828699841215,0.5005517130015879
2021-05-10T14:00:00.000000000.nc,2021-05-10T14:00:00.000000000,Atmospheric River (AR),1038240,41410,0.03988480505470797,67834,26424,0.38953916914821474,0.6104608308517853
2021-05-12T17:00:00.000000000.nc,2021-05-12T17:00:00.000000000,Atmospheric River (AR),1038240,55385,0.05334508398828787,108739,53354,0.49066112434361175,0.5093388756563882
2021-05-13T17:00:00.000000000.nc,2021-05-13T17:00:00.000000000,Atmospheric River (AR),1038240,62737,0.06042629835105563,88205,25468,0.2887364661867241,0.7112635338132759
2021-05-14T23:00:00.000000000.nc,2021-05-14T23:00:00.000000000,Atmospheric River (AR),1038240,61259,0.059002735398366465,103043,41784,0.40550061624758593,0.5944993837524141
2021-05-16T20:00:00.000000000.nc,2021-05-16T20:00:00.000000000,Atmospheric River (AR),1038240,46322,0.04461588842656804,81693,35371,0.43297467347263535,0.5670253265273646
2021-05-18T17:00:00.000000000.nc,2021-05-18T17:00:00.000000000,Atmospheric River (AR),1038240,50125,0.04827881799969179,106573,56448,0.5296651121766301,0.4703348878233699
2021-05-20T13:00:00.000000000.nc,2021-05-20T13:00:00.000000000,Atmospheric River (AR),1038240,75258,0.07248613037447989,121228,45970,0.3792028244299997,0.6207971755700004
2021-05-20T18:00:00.000000000.nc,2021-05-20T18:00:00.000000000,Atmospheric River (AR),1038240,57874,0.055742410232701496,85396,27522,0.3222867581619748,0.6777132418380252
2021-05-25T00:00:00.000000000.nc,2021-05-25T00:00:00.000000000,Atmospheric River (AR),1038240,41275,0.03975477731545693,100988,59713,0.5912880738305542,0.40871192616944585
2021-05-25T23:00:00.000000000.nc,2021-05-25T23:00:00.000000000,Atmospheric River (AR),1038240,62333,0.060037178301741406,95356,33023,0.3463127647971811,0.6536872352028189
2021-05-26T01:00:00.000000000.nc,2021-05-26T01:00:00.000000000,Atmospheric River (AR),1038240,50996,0.04911773770997072,87711,36715,0.41859059867063425,0.5814094013293658
2021-05-26T05:00:00.000000000.nc,2021-05-26T05:00:00.000000000,Atmospheric River (AR),1038240,86362,0.08318115271998767,145631,59269,0.4069806565909731,0.593019343409027
2021-05-26T07:00:00.000000000.nc,2021-05-26T07:00:00.000000000,Atmospheric River (AR),1038240,71438,0.0688068269378949,120976,49538,0.4094861790768417,0.5905138209231583
2021-05-26T21:00:00.000000000.nc,2021-05-26T21:00:00.000000000,Atmospheric River (AR),1038240,61405,0.05914335799044537,128932,67527,0.5237411969099991,0.4762588030900009
2021-05-29T16:00:00.000000000.nc,2021-05-29T16:00:00.000000000,Atmospheric River (AR),1038240,54194,0.05219795037756203,121269,67075,0.5531092035062547,0.4468907964937453
2021-05-30T07:00:00.000000000.nc,2021-05-30T07:00:00.000000000,Atmospheric River (AR),1038240,31757,0.030587340114039144,64262,32505,0.5058199246833276,0.49418007531667235
2021-05-31T23:00:00.000000000.nc,2021-05-31T23:00:00.000000000,Atmospheric River (AR),1038240,69698,0.06713091385421482,126120,56422,0.4473675864256264,0.5526324135743736
2021-06-03T07:00:00.000000000.nc,2021-06-03T07:00:00.000000000,Atmospheric River (AR),1038240,72359,0.06969390507011866,122588,50229,0.4097383104382158,0.5902616895617842
2021-06-03T11:00:00.000000000.nc,2021-06-03T11:00:00.000000000,Atmospheric River (AR),1038240,26971,0.025977615965480042,52740,25769,0.4886044747819492,0.5113955252180508
2021-06-04T03:00:00.000000000.nc,2021-06-04T03:00:00.000000000,Atmospheric River (AR),1038240,53292,0.0513291724456773,105846,52554,0.4965138030723882,0.5034861969276118
2021-06-06T14:00:00.000000000.nc,2021-06-06T14:00:00.000000000,Atmospheric River (AR),1038240,62168,0.05987825550932347,116038,53870,0.46424447163860116,0.5357555283613988
2021-06-07T15:00:00.000000000.nc,2021-06-07T15:00:00.000000000,Atmospheric River (AR),1038240,39614,0.038154954538449685,59247,19633,0.33137542829172784,0.6686245717082722
2021-06-12T17:00:00.000000000.nc,2021-06-12T17:00:00.000000000,Atmospheric River (AR),1038240,74632,0.07188318693173062,111403,36771,0.3300719011157689,0.6699280988842311
2021-06-13T01:00:00.000000000.nc,2021-06-13T01:00:00.000000000,Atmospheric River (AR),1038240,26863,0.02587359377407921,57337,30474,0.5314892652214103,0.46851073477858973
2021-06-14T07:00:00.000000000.nc,2021-06-14T07:00:00.000000000,Atmospheric River (AR),1038240,71611,0.06897345507782401,106591,34980,0.32817029580358564,0.6718297041964143
2021-06-14T22:00:00.000000000.nc,2021-06-14T22:00:00.000000000,Atmospheric River (AR),1038240,59933,0.057725574048389586,103997,44064,0.4237045299383636,0.5762954700616364
2021-06-16T05:00:00.000000000.nc,2021-06-16T05:00:00.000000000,Atmospheric River (AR),1038240,56279,0.054206156572661424,125870,69591,0.5528799555096529,0.4471200444903472
2021-06-16T13:00:00.000000000.nc,2021-06-16T13:00:00.000000000,Atmospheric River (AR),1038240,55726,0.05367352442595161,100081,44355,0.4431910152776251,0.5568089847223748
2021-06-16T23:00:00.000000000.nc,2021-06-16T23:00:00.000000000,Atmospheric River (AR),1038240,41570,0.04003891200493142,88192,46622,0.5286420537010159,0.47135794629898403
2021-06-22T19:00:00.000000000.nc,2021-06-22T19:00:00.000000000,Atmospheric River (AR),1038240,71147,0.068526544922176,107455,36308,0.33789027965194735,0.6621097203480527
2021-06-23T21:00:00.000000000.nc,2021-06-23T21:00:00.000000000,Atmospheric River (AR),1038240,49036,0.0472299275697334,88602,39566,0.446558768425092,0.553441231574908
2021-06-25T10:00:00.000000000.nc,2021-06-25T10:00:00.000000000,Atmospheric River (AR),1038240,50438,0.04858028972106642,92941,42503,0.4573116278068882,0.5426883721931117
2021-06-26T08:00:00.000000000.nc,2021-06-26T08:00:00.000000000,Atmospheric River (AR),1038240,84604,0.08148790260440746,133734,49130,0.3673710499947657,0.6326289500052342
2021-06-30T00:00:00.000000000.nc,2021-06-30T00:00:00.000000000,Atmospheric River (AR),1038240,54554,0.052544691015564804,80139,25585,0.31925778959058637,0.6807422104094136
2021-07-01T22:00:00.000000000.nc,2021-07-01T22:00:00.000000000,Atmospheric River (AR),1038240,15779,0.01519783479734936,32080,16301,0.5081359102244389,0.4918640897755611
2021-07-02T03:00:00.000000000.nc,2021-07-02T03:00:00.000000000,Atmospheric River (AR),1038240,49337,0.04751984126984127,80362,31025,0.38606555337099624,0.6139344466290038
2021-07-02T09:00:00.000000000.nc,2021-07-02T09:00:00.000000000,Atmospheric River (AR),1038240,70303,0.06771363075974726,129625,59322,0.45764320154291227,0.5423567984570877
2021-07-03T01:00:00.000000000.nc,2021-07-03T01:00:00.000000000,Atmospheric River (AR),1038240,58939,0.056768184620126366,104651,45712,0.43680423502881005,0.56319576497119
2021-07-05T16:00:00.000000000.nc,2021-07-05T16:00:00.000000000,Atmospheric River (AR),1038240,41317,0.039795230389890586,64523,23206,0.3596546967747935,0.6403453032252066
2021-07-05T22:00:00.000000000.nc,2021-07-05T22:00:00.000000000,Atmospheric River (AR),1038240,41684,0.040148713206965635,71122,29438,0.41390849526166307,0.5860915047383369
2021-07-06T11:00:00.000000000.nc,2021-07-06T11:00:00.000000000,Atmospheric River (AR),1038240,80443,0.07748015873015873,115286,34843,0.3022309734052704,0.6977690265947296
2021-07-08T03:00:00.000000000.nc,2021-07-08T03:00:00.000000000,Atmospheric River (AR),1038240,104763,0.1009044151641239,143822,39059,0.27157875707471735,0.7284212429252827
2021-07-09T05:00:00.000000000.nc,2021-07-09T05:00:00.000000000,Atmospheric River (AR),1038240,78602,0.0757069656341501,134795,56193,0.4168774806187173,0.5831225193812827
2021-07-11T00:00:00.000000000.nc,2021-07-11T00:00:00.000000000,Atmospheric River (AR),1038240,34785,0.03350381414701803,68217,33432,0.49008311711157043,0.5099168828884296
2021-07-11T13:00:00.000000000.nc,2021-07-11T13:00:00.000000000,Atmospheric River (AR),1038240,34447,0.03317826321467098,61613,27166,0.44091344359144985,0.5590865564085501
2021-07-15T07:00:00.000000000.nc,2021-07-15T07:00:00.000000000,Atmospheric River (AR),1038240,45723,0.04403895053166898,92909,47186,0.5078732953750444,0.4921267046249556
2021-07-17T11:00:00.000000000.nc,2021-07-17T11:00:00.000000000,Atmospheric River (AR),1038240,65307,0.06290164123901988,116828,51521,0.44099873318040195,0.559001266819598
2021-07-18T02:00:00.000000000.nc,2021-07-18T02:00:00.000000000,Atmospheric River (AR),1038240,16867,0.016245762058868855,36843,19976,0.542192546752436,0.457807453247564
2021-07-18T08:00:00.000000000.nc,2021-07-18T08:00:00.000000000,Atmospheric River (AR),1038240,34673,0.03339593928186161,74815,40142,0.5365501570540667,0.4634498429459333
2021-07-18T21:00:00.000000000.nc,2021-07-18T21:00:00.000000000,Atmospheric River (AR),1038240,62342,0.06004584681769148,87861,25519,0.29044741125186374,0.7095525887481363
2021-07-20T22:00:00.000000000.nc,2021-07-20T22:00:00.000000000,Atmospheric River (AR),1038240,107540,0.10357913391893975,154281,46741,0.30296018304263,0.6970398169573699
2021-07-21T03:00:00.000000000.nc,2021-07-21T03:00:00.000000000,Atmospheric River (AR),1038240,80326,0.07736746802280783,123858,43532,0.3514670025351612,0.6485329974648387
2021-07-23T00:00:00.000000000.nc,2021-07-23T00:00:00.000000000,Atmospheric River (AR),1038240,28145,0.027108375712744645,51621,23476,0.45477615699037216,0.5452238430096279
2021-07-24T14:00:00.000000000.nc,2021-07-24T14:00:00.000000000,Atmospheric River (AR),1038240,52792,0.050847588226229,80441,27649,0.3437177558707624,0.6562822441292375
2021-07-27T17:00:00.000000000.nc,2021-07-27T17:00:00.000000000,Atmospheric River (AR),1038240,48972,0.047168284789644015,90135,41163,0.4566816442003661,0.5433183557996338
2021-07-29T02:00:00.000000000.nc,2021-07-29T02:00:00.000000000,Atmospheric River (AR),1038240,73752,0.07103559870550162,114206,40454,0.3542195681487838,0.6457804318512163
2021-07-31T22:00:00.000000000.nc,2021-07-31T22:00:00.000000000,Atmospheric River (AR),1038240,57043,0.05494201725997842,97109,40066,0.4125879166709574,0.5874120833290426
2021-08-02T17:00:00.000000000.nc,2021-08-02T17:00:00.000000000,Atmospheric River (AR),1038240,57130,0.05502581291416243,105776,48646,0.4598963848131901,0.5401036151868098
2021-08-03T04:00:00.000000000.nc,2021-08-03T04:00:00.000000000,Atmospheric River (AR),1038240,65375,0.06296713669286484,96566,31191,0.3230018847213305,0.6769981152786695
2021-08-03T05:00:00.000000000.nc,2021-08-03T05:00:00.000000000,Atmospheric River (AR),1038240,36315,0.03497746185852982,77666,41351,0.5324208791491772,0.46757912085082276
2021-08-06T17:00:00.000000000.nc,2021-08-06T17:00:00.000000000,Atmospheric River (AR),1038240,108949,0.10493623824934505,151106,42157,0.27898958347120567,0.7210104165287944
2021-08-06T20:00:00.000000000.nc,2021-08-06T20:00:00.000000000,Atmospheric River (AR),1038240,56318,0.0542437201417784,93394,37076,0.3969848170117995,0.6030151829882006
2021-08-08T01:00:00.000000000.nc,2021-08-08T01:00:00.000000000,Atmospheric River (AR),1038240,34618,0.0333429650177223,57197,22579,0.3947584663531304,0.6052415336468696
2021-08-08T07:00:00.000000000.nc,2021-08-08T07:00:00.000000000,Atmospheric River (AR),1038240,58204,0.05606025581753737,84237,26033,0.3090447190664435,0.6909552809335565
2021-08-08T09:00:00.000000000.nc,2021-08-08T09:00:00.000000000,Atmospheric River (AR),1038240,41300,0.03977885652642934,66163,24863,0.3757840484863141,0.6242159515136859
2021-08-11T06:00:00.000000000.nc,2021-08-11T06:00:00.000000000,Atmospheric River (AR),1038240,46811,0.04508687779318847,78651,31840,0.40482638491564,0.5951736150843601
2021-08-13T20:00:00.000000000.nc,2021-08-13T20:00:00.000000000,Atmospheric River (AR),1038240,44243,0.04261346124210202,109145,64902,0.5946401575885291,0.405359842411471
2021-08-17T07:00:00.000000000.nc,2021-08-17T07:00:00.000000000,Atmospheric River (AR),1038240,49134,0.04732431807674526,71039,21905,0.3083517504469376,0.6916482495530624
2021-08-18T16:00:00.000000000.nc,2021-08-18T16:00:00.000000000,Atmospheric River (AR),1038240,78935,0.07602770072430266,128670,49735,0.3865314370094039,0.613468562990596
2021-08-21T09:00:00.000000000.nc,2021-08-21T09:00:00.000000000,Atmospheric River (AR),1038240,49838,0.04800238865772846,70374,20536,0.2918123170489101,0.7081876829510899
2021-08-22T15:00:00.000000000.nc,2021-08-22T15:00:00.000000000,Atmospheric River (AR),1038240,29788,0.028690861457851748,59792,30004,0.5018062617072518,0.4981937382927482
2021-08-25T12:00:00.000000000.nc,2021-08-25T12:00:00.000000000,Atmospheric River (AR),1038240,45826,0.04413815688087533,81674,35848,0.43891568920341845,0.5610843107965815
2021-08-27T03:00:00.000000000.nc,2021-08-27T03:00:00.000000000,Atmospheric River (AR),1038240,36985,0.03562278471259054,72841,35856,0.49225024368144316,0.5077497563185569
2021-09-01T12:00:00.000000000.nc,2021-09-01T12:00:00.000000000,Atmospheric River (AR),1038240,38706,0.037280397595931575,95450,56744,0.5944892613933996,0.4055107386066003
2021-09-02T19:00:00.000000000.nc,2021-09-02T19:00:00.000000000,Atmospheric River (AR),1038240,46057,0.04436064879026044,92476,46419,0.5019572645875686,0.4980427354124313
2021-09-06T20:00:00.000000000.nc,2021-09-06T20:00:00.000000000,Atmospheric River (AR),1038240,59065,0.056889543843427336,96878,37813,0.3903156547410145,0.6096843452589855
2021-09-10T03:00:00.000000000.nc,2021-09-10T03:00:00.000000000,Atmospheric River (AR),1038240,72066,0.06941169671752195,129026,56960,0.4414614108784276,0.5585385891215724
2021-09-10T17:00:00.000000000.nc,2021-09-10T17:00:00.000000000,Atmospheric River (AR),1038240,71188,0.06856603482817075,131213,60025,0.45746229413244116,0.5425377058675589
2021-09-12T04:00:00.000000000.nc,2021-09-12T04:00:00.000000000,Atmospheric River (AR),1038240,68712,0.06618122977346279,109415,40703,0.3720056664991089,0.6279943335008911
2021-09-13T15:00:00.000000000.nc,2021-09-13T15:00:00.000000000,Atmospheric River (AR),1038240,91970,0.08858260132531977,119557,27587,0.23074349473472905,0.769256505265271
2021-09-19T06:00:00.000000000.nc,2021-09-19T06:00:00.000000000,Atmospheric River (AR),1038240,60478,0.058250500847588225,104506,44028,0.42129638489656096,0.578703615103439
2021-09-23T10:00:00.000000000.nc,2021-09-23T10:00:00.000000000,Atmospheric River (AR),1038240,22796,0.021956387733086762,59153,36357,0.6146264771017531,0.38537352289824695
2021-09-24T12:00:00.000000000.nc,2021-09-24T12:00:00.000000000,Atmospheric River (AR),1038240,40869,0.03936373092926491,74770,33901,0.45340377156613615,0.5465962284338638
2021-09-25T02:00:00.000000000.nc,2021-09-25T02:00:00.000000000,Atmospheric River (AR),1038240,47618,0.04586415472337802,85962,38344,0.4460575603173495,0.5539424396826504
2021-09-25T06:00:00.000000000.nc,2021-09-25T06:00:00.000000000,Atmospheric River (AR),1038240,67503,0.06501675913083681,111559,44056,0.39491210928746223,0.6050878907125378
2021-09-26T14:00:00.000000000.nc,2021-09-26T14:00:00.000000000,Atmospheric River (AR),1038240,51170,0.04928532901833873,83857,32687,0.3897945311661519,0.6102054688338481
2021-10-01T23:00:00.000000000.nc,2021-10-01T23:00:00.000000000,Atmospheric River (AR),1038240,37319,0.035944482971182,68819,31500,0.45772243130530815,0.5422775686946919
2021-10-02T11:00:00.000000000.nc,2021-10-02T11:00:00.000000000,Atmospheric River (AR),1038240,42359,0.040798851903220835,81515,39156,0.48035330920689445,0.5196466907931055
2021-10-03T01:00:00.000000000.nc,2021-10-03T01:00:00.000000000,Atmospheric River (AR),1038240,55564,0.05351749113885036,73903,18339,0.24814960150467505,0.751850398495325
2021-10-03T10:00:00.000000000.nc,2021-10-03T10:00:00.000000000,Atmospheric River (AR),1038240,43161,0.04157131299121591,73812,30651,0.415257681677776,0.584742318322224
2021-10-04T13:00:00.000000000.nc,2021-10-04T13:00:00.000000000,Atmospheric River (AR),1038240,47122,0.04538642317768531,86206,39084,0.4533791151427975,0.5466208848572025
2021-10-05T02:00:00.000000000.nc,2021-10-05T02:00:00.000000000,Atmospheric River (AR),1038240,51719,0.04981410849129296,99657,47938,0.48102993266905486,0.5189700673309452
2021-10-10T08:00:00.000000000.nc,2021-10-10T08:00:00.000000000,Atmospheric River (AR),1038240,55324,0.05328633071351518,91870,36546,0.3978012408838576,0.6021987591161424
2021-10-12T03:00:00.000000000.nc,2021-10-12T03:00:00.000000000,Atmospheric River (AR),1038240,41966,0.040420326706734476,62252,20286,0.32586904838398767,0.6741309516160123
2021-10-13T10:00:00.000000000.nc,2021-10-13T10:00:00.000000000,Atmospheric River (AR),1038240,54440,0.05243488981353059,96679,42239,0.43689943007271487,0.5631005699272852
2021-10-14T22:00:00.000000000.nc,2021-10-14T22:00:00.000000000,Atmospheric River (AR),1038240,54403,0.05239925258129142,109790,55387,0.5044812824483104,0.4955187175516896
2021-10-17T10:00:00.000000000.nc,2021-10-17T10:00:00.000000000,Atmospheric River (AR),1038240,13755,0.013248381877022654,31402,17647,0.5619705751226036,0.4380294248773963
2021-10-25T02:00:00.000000000.nc,2021-10-25T02:00:00.000000000,Atmospheric River (AR),1038240,61391,0.059129873632300815,89301,27910,0.31253849340992823,0.6874615065900718
2021-10-25T14:00:00.000000000.nc,2021-10-25T14:00:00.000000000,Atmospheric River (AR),1038240,40555,0.03906129603945138,93414,52859,0.565857366133556,0.434142633866444
2021-10-27T05:00:00.000000000.nc,2021-10-27T05:00:00.000000000,Atmospheric River (AR),1038240,40620,0.03912390198797966,104439,63819,0.61106483210295,0.38893516789704996
2021-10-28T03:00:00.000000000.nc,2021-10-28T03:00:00.000000000,Atmospheric River (AR),1038240,48722,0.046927492679919865,81518,32796,0.40231605289629285,0.5976839471037072
2021-10-28T05:00:00.000000000.nc,2021-10-28T05:00:00.000000000,Atmospheric River (AR),1038240,46312,0.04460625674217907,93524,47212,0.5048115991617125,0.4951884008382875
2021-10-30T07:00:00.000000000.nc,2021-10-30T07:00:00.000000000,Atmospheric River (AR),1038240,60732,0.05849514563106796,122059,61327,0.5024373458737168,0.4975626541262832
2021-11-01T05:00:00.000000000.nc,2021-11-01T05:00:00.000000000,Atmospheric River (AR),1038240,46120,0.044421328401910924,84722,38602,0.4556313590330729,0.5443686409669272
2021-11-03T00:00:00.000000000.nc,2021-11-03T00:00:00.000000000,Atmospheric River (AR),1038240,34098,0.03284211742949607,65617,31519,0.48034808052791195,0.519651919472088
2021-11-05T17:00:00.000000000.nc,2021-11-05T17:00:00.000000000,Atmospheric River (AR),1038240,43486,0.0418843427338573,89374,45888,0.513437912592029,0.486562087407971
2021-11-06T16:00:00.000000000.nc,2021-11-06T16:00:00.000000000,Atmospheric River (AR),1038240,61519,0.05925315919247958,125026,63507,0.5079503463279638,0.49204965367203624
2021-11-07T19:00:00.000000000.nc,2021-11-07T19:00:00.000000000,Atmospheric River (AR),1038240,38312,0.03690090923100632,61588,23276,0.3779307657335845,0.6220692342664156
2021-11-08T03:00:00.000000000.nc,2021-11-08T03:00:00.000000000,Atmospheric River (AR),1038240,46808,0.04508398828787178,81964,35156,0.42892001366453564,0.5710799863354643
2021-11-10T22:00:00.000000000.nc,2021-11-10T22:00:00.000000000,Atmospheric River (AR),1038240,70451,0.06785617968870396,127639,57188,0.4480448765659399,0.5519551234340602
2021-11-11T21:00:00.000000000.nc,2021-11-11T21:00:00.000000000,Atmospheric River (AR),1038240,43051,0.041465364462937276,73705,30654,0.41590122786785155,0.5840987721321484
2021-11-16T15:00:00.000000000.nc,2021-11-16T15:00:00.000000000,Atmospheric River (AR),1038240,59752,0.0575512405609493,78660,18908,0.2403763030765319,0.7596236969234681
2021-11-18T17:00:00.000000000.nc,2021-11-18T17:00:00.000000000,Atmospheric River (AR),1038240,46161,0.044460818307905686,99678,53517,0.536898814181665,0.46310118581833504
2021-11-22T19:00:00.000000000.nc,2021-11-22T19:00:00.000000000,Atmospheric River (AR),1038240,62269,0.059975535521652024,114285,52016,0.45514284464277904,0.544857155357221
2021-11-23T03:00:00.000000000.nc,2021-11-23T03:00:00.000000000,Atmospheric River (AR),1038240,49131,0.04732142857142857,78063,28932,0.37062372698973906,0.6293762730102609
2021-11-30T22:00:00.000000000.nc,2021-11-30T22:00:00.000000000,Atmospheric River (AR),1038240,55953,0.05389216366158114,72139,16186,0.22437239218730506,0.7756276078126949
2021-12-01T02:00:00.000000000.nc,2021-12-01T02:00:00.000000000,Atmospheric River (AR),1038240,27721,0.02669999229465249,56608,28887,0.5102988976823064,0.4897011023176936
2021-12-02T06:00:00.000000000.nc,2021-12-02T06:00:00.000000000,Atmospheric River (AR),1038240,78388,0.07550084758822623,105418,27030,0.2564078240907625,0.7435921759092375
2021-12-02T22:00:00.000000000.nc,2021-12-02T22:00:00.000000000,Atmospheric River (AR),1038240,72850,0.07016682077361688,112261,39411,0.3510658198305734,0.6489341801694266
2021-12-05T01:00:00.000000000.nc,2021-12-05T01:00:00.000000000,Atmospheric River (AR),1038240,63982,0.06162544305748189,87983,24001,0.27279133468965594,0.727208665310344
2021-12-05T03:00:00.000000000.nc,2021-12-05T03:00:00.000000000,Atmospheric River (AR),1038240,104331,0.10048832639852057,154887,50556,0.32640570222161963,0.6735942977783803
2021-12-07T05:00:00.000000000.nc,2021-12-07T05:00:00.000000000,Atmospheric River (AR),1038240,88094,0.08484936045615657,121747,33653,0.2764174887266216,0.7235825112733784
2021-12-13T00:00:00.000000000.nc,2021-12-13T00:00:00.000000000,Atmospheric River (AR),1038240,42492,0.04092695330559408,59882,17390,0.290404462108814,0.709595537891186
2021-12-17T00:00:00.000000000.nc,2021-12-17T00:00:00.000000000,Atmospheric River (AR),1038240,41653,0.04011885498535984,83177,41524,0.49922454524688314,0.5007754547531168
2021-12-19T06:00:00.000000000.nc,2021-12-19T06:00:00.000000000,Atmospheric River (AR),1038240,75595,0.07281071813838805,132036,56441,0.42746675149201735,0.5725332485079827
2021-12-20T16:00:00.000000000.nc,2021-12-20T16:00:00.000000000,Atmospheric River (AR),1038240,36611,0.03526255971644321,95580,58969,0.6169596149822139,0.38304038501778614
2021-12-21T00:00:00.000000000.nc,2021-12-21T00:00:00.000000000,Atmospheric River (AR),1038240,33736,0.032493450454615505,60968,27232,0.44666054323579585,0.5533394567642042
2021-12-23T22:00:00.000000000.nc,2021-12-23T22:00:00.000000000,Atmospheric River (AR),1038240,65760,0.06333795654184003,124696,58936,0.4726374542888304,0.5273625457111696
2021-12-27T09:00:00.000000000.nc,2021-12-27T09:00:00.000000000,Atmospheric River (AR),1038240,64481,0.062106064108491295,106398,41917,0.39396417225887703,0.606035827741123
2021-12-27T12:00:00.000000000.nc,2021-12-27T12:00:00.000000000,Atmospheric River (AR),1038240,50643,0.048777739251040224,73380,22737,0.3098528209321341,0.6901471790678659
2021-12-30T02:00:00.000000000.nc,2021-12-30T02:00:00.000000000,Atmospheric River (AR),1038240,49914,0.048075589459084606,88731,38817,0.437468303073334,0.5625316969266659
2021-12-30T13:00:00.000000000.nc,2021-12-30T13:00:00.000000000,Atmospheric River (AR),1038240,44250,0.04262020342117429,83518,39268,0.47017409420723677,0.5298259057927632
2021-12-31T04:00:00.000000000.nc,2021-12-31T04:00:00.000000000,Atmospheric River (AR),1038240,52461,0.05052877947295423,103026,50565,0.4907984392289325,0.5092015607710675
