mask_file,mask_time,graphcast_time,year,t_idx,time_difference_hours,positive_nodes,positive_fraction,activation_file
2020-01-01T06:00:00.000000000.nc,2020-01-01 06:00:00,2020-01-01 06:00:00,2020,1,0.0,825,0.02014061813388018,/share/prj-4d/graphcast_shared/data/graphcast_activation_2020/layer0008_mesh_gnn_post_res_nodes_mesh_nodes_t2020-01-01T06.npy
2020-01-01T17:00:00.000000000.nc,2020-01-01 17:00:00,2020-01-01 18:00:00,2020,3,1.0,1988,0.04853278648503491,/share/prj-4d/graphcast_shared/data/graphcast_activation_2020/layer0008_mesh_gnn_post_res_nodes_mesh_nodes_t2020-01-01T18.npy
2020-01-05T12:00:00.000000000.nc,2020-01-05 12:00:00,2020-01-05 12:00:00,2020,18,0.0,2985,0.0728724183389483,/share/prj-4d/graphcast_shared/data/graphcast_activation_2020/layer0008_mesh_gnn_post_res_nodes_mesh_nodes_t2020-01-05T12.npy
2020-01-05T20:00:00.000000000.nc,2020-01-05 20:00:00,2020-01-05 18:00:00,2020,19,2.0,2160,0.05273180020506811,/share/prj-4d/graphcast_shared/data/graphcast_activation_2020/layer0008_mesh_gnn_post_res_nodes_mesh_nodes_t2020-01-05T18.npy
2020-01-06T14:00:00.000000000.nc,2020-01-06 14:00:00,2020-01-06 12:00:00,2020,22,2.0,1320,0.03222498901420829,/share/prj-4d/graphcast_shared/data/graphcast_activation_2020/layer0008_mesh_gnn_post_res_nodes_mesh_nodes_t2020-01-06T12.npy
2020-01-08T15:00:00.000000000.nc,2020-01-08 15:00:00,2020-01-08 12:00:00,2020,30,3.0,1734,0.04233191738684634,/share/prj-4d/graphcast_shared/data/graphcast_activation_2020/layer0008_mesh_gnn_post_res_nodes_mesh_nodes_t2020-01-08T12.npy
2020-01-11T04:00:00.000000000.nc,2020-01-11 04:00:00,2020-01-11 06:00:00,2020,41,2.0,2142,0.05229236853669254,/share/prj-4d/graphcast_shared/data/graphcast_activation_2020/layer0008_mesh_gnn_post_res_nodes_mesh_nodes_t2020-01-11T06.npy
2020-01-15T14:00:00.000000000.nc,2020-01-15 14:00:00,2020-01-15 12:00:00,2020,58,2.0,2153,0.052560910111810945,/share/prj-4d/graphcast_shared/data/graphcast_activation_2020/layer0008_mesh_gnn_post_res_nodes_mesh_nodes_t2020-01-15T12.npy
2020-01-16T01:00:00.000000000.nc,2020-01-16 01:00:00,2020-01-16 00:00:00,2020,60,1.0,2030,0.049558127044577904,/share/prj-4d/graphcast_shared/data/graphcast_activation_2020/layer0008_mesh_gnn_post_res_nodes_mesh_nodes_t2020-01-16T00.npy
2020-01-18T11:00:00.000000000.nc,2020-01-18 11:00:00,2020-01-18 12:00:00,2020,70,1.0,1520,0.037107563107270154,/share/prj-4d/graphcast_shared/data/graphcast_activation_2020/layer0008_mesh_gnn_post_res_nodes_mesh_nodes_t2020-01-18T12.npy
2020-01-19T08:00:00.000000000.nc,2020-01-19 08:00:00,2020-01-19 06:00:00,2020,73,2.0,1569,0.03830379376007031,/share/prj-4d/graphcast_shared/data/graphcast_activation_2020/layer0008_mesh_gnn_post_res_nodes_mesh_nodes_t2020-01-19T06.npy
2020-01-26T12:00:00.000000000.nc,2020-01-26 12:00:00,2020-01-26 12:00:00,2020,102,0.0,920,0.022459840828084564,/share/prj-4d/graphcast_shared/data/graphcast_activation_2020/layer0008_mesh_gnn_post_res_nodes_mesh_nodes_t2020-01-26T12.npy
2020-01-28T16:00:00.000000000.nc,2020-01-28 16:00:00,2020-01-28 18:00:00,2020,111,2.0,1137,0.027757433719056687,/share/prj-4d/graphcast_shared/data/graphcast_activation_2020/layer0008_mesh_gnn_post_res_nodes_mesh_nodes_t2020-01-28T18.npy
2020-01-29T00:00:00.000000000.nc,2020-01-29 00:00:00,2020-01-29 00:00:00,2020,112,0.0,1527,0.03727845320052732,/share/prj-4d/graphcast_shared/data/graphcast_activation_2020/layer0008_mesh_gnn_post_res_nodes_mesh_nodes_t2020-01-29T00.npy
2020-01-29T05:00:00.000000000.nc,2020-01-29 05:00:00,2020-01-29 06:00:00,2020,113,1.0,2172,0.053024754650651824,/share/prj-4d/graphcast_shared/data/graphcast_activation_2020/layer0008_mesh_gnn_post_res_nodes_mesh_nodes_t2020-01-29T06.npy
2020-01-30T07:00:00.000000000.nc,2020-01-30 07:00:00,2020-01-30 06:00:00,2020,117,1.0,1183,0.028880425760460914,/share/prj-4d/graphcast_shared/data/graphcast_activation_2020/layer0008_mesh_gnn_post_res_nodes_mesh_nodes_t2020-01-30T06.npy
2020-01-30T12:00:00.000000000.nc,2020-01-30 12:00:00,2020-01-30 12:00:00,2020,118,0.0,1879,0.045871783604316194,/share/prj-4d/graphcast_shared/data/graphcast_activation_2020/layer0008_mesh_gnn_post_res_nodes_mesh_nodes_t2020-01-30T12.npy
2020-03-01T14:00:00.000000000.nc,2020-03-01 14:00:00,2020-03-01 12:00:00,2020,125,2.0,2216,0.05409892095112543,/share/prj-4d/graphcast_shared/data/graphcast_activation_2020/layer0008_mesh_gnn_post_res_nodes_mesh_nodes_t2020-03-01T12.npy
2020-03-03T12:00:00.000000000.nc,2020-03-03 12:00:00,2020-03-03 12:00:00,2020,133,0.0,1504,0.036716957179825205,/share/prj-4d/graphcast_shared/data/graphcast_activation_2020/layer0008_mesh_gnn_post_res_nodes_mesh_nodes_t2020-03-03T12.npy
2020-03-06T23:00:00.000000000.nc,2020-03-06 23:00:00,2020-03-07 00:00:00,2020,147,1.0,1259,0.030735803915824422,/share/prj-4d/graphcast_shared/data/graphcast_activation_2020/layer0008_mesh_gnn_post_res_nodes_mesh_nodes_t2020-03-07T00.npy
2020-03-08T11:00:00.000000000.nc,2020-03-08 11:00:00,2020-03-08 12:00:00,2020,153,1.0,1309,0.03195644743908989,/share/prj-4d/graphcast_shared/data/graphcast_activation_2020/layer0008_mesh_gnn_post_res_nodes_mesh_nodes_t2020-03-08T12.npy
2020-03-11T10:00:00.000000000.nc,2020-03-11 10:00:00,2020-03-11 12:00:00,2020,165,2.0,1158,0.02827010399882818,/share/prj-4d/graphcast_shared/data/graphcast_activation_2020/layer0008_mesh_gnn_post_res_nodes_mesh_nodes_t2020-03-11T12.npy
2020-03-11T14:00:00.000000000.nc,2020-03-11 14:00:00,2020-03-11 12:00:00,2020,165,2.0,854,0.020848591377374152,/share/prj-4d/graphcast_shared/data/graphcast_activation_2020/layer0008_mesh_gnn_post_res_nodes_mesh_nodes_t2020-03-11T12.npy
2020-03-12T02:00:00.000000000.nc,2020-03-12 02:00:00,2020-03-12 00:00:00,2020,167,2.0,2078,0.050729944826912746,/share/prj-4d/graphcast_shared/data/graphcast_activation_2020/layer0008_mesh_gnn_post_res_nodes_mesh_nodes_t2020-03-12T00.npy
2020-03-14T02:00:00.000000000.nc,2020-03-14 02:00:00,2020-03-14 00:00:00,2020,175,2.0,1444,0.03525218495190664,/share/prj-4d/graphcast_shared/data/graphcast_activation_2020/layer0008_mesh_gnn_post_res_nodes_mesh_nodes_t2020-03-14T00.npy
2020-03-20T02:00:00.000000000.nc,2020-03-20 02:00:00,2020-03-20 00:00:00,2020,199,2.0,1919,0.04684829842292857,/share/prj-4d/graphcast_shared/data/graphcast_activation_2020/layer0008_mesh_gnn_post_res_nodes_mesh_nodes_t2020-03-20T00.npy
2020-03-20T05:00:00.000000000.nc,2020-03-20 05:00:00,2020-03-20 06:00:00,2020,200,1.0,1166,0.028465406962550656,/share/prj-4d/graphcast_shared/data/graphcast_activation_2020/layer0008_mesh_gnn_post_res_nodes_mesh_nodes_t2020-03-20T06.npy
2020-03-20T16:00:00.000000000.nc,2020-03-20 16:00:00,2020-03-20 18:00:00,2020,202,2.0,665,0.016234558859430693,/share/prj-4d/graphcast_shared/data/graphcast_activation_2020/layer0008_mesh_gnn_post_res_nodes_mesh_nodes_t2020-03-20T18.npy
2020-03-23T19:00:00.000000000.nc,2020-03-23 19:00:00,2020-03-23 18:00:00,2020,214,1.0,2460,0.06005566134466091,/share/prj-4d/graphcast_shared/data/graphcast_activation_2020/layer0008_mesh_gnn_post_res_nodes_mesh_nodes_t2020-03-23T18.npy
2020-03-24T05:00:00.000000000.nc,2020-03-24 05:00:00,2020-03-24 06:00:00,2020,216,1.0,943,0.02302133684878668,/share/prj-4d/graphcast_shared/data/graphcast_activation_2020/layer0008_mesh_gnn_post_res_nodes_mesh_nodes_t2020-03-24T06.npy
2020-03-29T07:00:00.000000000.nc,2020-03-29 07:00:00,2020-03-29 06:00:00,2020,236,1.0,2124,0.051852936868316976,/share/prj-4d/graphcast_shared/data/graphcast_activation_2020/layer0008_mesh_gnn_post_res_nodes_mesh_nodes_t2020-03-29T06.npy
2020-03-29T17:00:00.000000000.nc,2020-03-29 17:00:00,2020-03-29 18:00:00,2020,238,1.0,2459,0.060031248474195595,/share/prj-4d/graphcast_shared/data/graphcast_activation_2020/layer0008_mesh_gnn_post_res_nodes_mesh_nodes_t2020-03-29T18.npy
2020-03-30T14:00:00.000000000.nc,2020-03-30 14:00:00,2020-03-30 12:00:00,2020,241,2.0,2105,0.051389092329476097,/share/prj-4d/graphcast_shared/data/graphcast_activation_2020/layer0008_mesh_gnn_post_res_nodes_mesh_nodes_t2020-03-30T12.npy
2020-04-05T16:00:00.000000000.nc,2020-04-05 16:00:00,2020-04-05 18:00:00,2020,266,2.0,1635,0.039915043210780723,/share/prj-4d/graphcast_shared/data/graphcast_activation_2020/layer0008_mesh_gnn_post_res_nodes_mesh_nodes_t2020-04-05T18.npy
2020-04-06T12:00:00.000000000.nc,2020-04-06 12:00:00,2020-04-06 12:00:00,2020,269,0.0,1502,0.03666813143889459,/share/prj-4d/graphcast_shared/data/graphcast_activation_2020/layer0008_mesh_gnn_post_res_nodes_mesh_nodes_t2020-04-06T12.npy
2020-04-08T13:00:00.000000000.nc,2020-04-08 13:00:00,2020-04-08 12:00:00,2020,277,1.0,2289,0.05588106049509301,/share/prj-4d/graphcast_shared/data/graphcast_activation_2020/layer0008_mesh_gnn_post_res_nodes_mesh_nodes_t2020-04-08T12.npy
2020-04-09T10:00:00.000000000.nc,2020-04-09 10:00:00,2020-04-09 12:00:00,2020,281,2.0,1917,0.046799472681997946,/share/prj-4d/graphcast_shared/data/graphcast_activation_2020/layer0008_mesh_gnn_post_res_nodes_mesh_nodes_t2020-04-09T12.npy
2020-04-10T21:00:00.000000000.nc,2020-04-10 21:00:00,2020-04-10 18:00:00,2020,286,3.0,2618,0.06391289487817978,/share/prj-4d/graphcast_shared/data/graphcast_activation_2020/layer0008_mesh_gnn_post_res_nodes_mesh_nodes_t2020-04-10T18.npy
2020-04-12T08:00:00.000000000.nc,2020-04-12 08:00:00,2020-04-12 06:00:00,2020,292,2.0,2530,0.06176456227723256,/share/prj-4d/graphcast_shared/data/graphcast_activation_2020/layer0008_mesh_gnn_post_res_nodes_mesh_nodes_t2020-04-12T06.npy
2020-04-17T02:00:00.000000000.nc,2020-04-17 02:00:00,2020-04-17 00:00:00,2020,311,2.0,1774,0.04330843220545872,/share/prj-4d/graphcast_shared/data/graphcast_activation_2020/layer0008_mesh_gnn_post_res_nodes_mesh_nodes_t2020-04-17T00.npy
2020-04-17T23:00:00.000000000.nc,2020-04-17 23:00:00,2020-04-18 00:00:00,2020,315,1.0,2505,0.061154240515599825,/share/prj-4d/graphcast_shared/data/graphcast_activation_2020/layer0008_mesh_gnn_post_res_nodes_mesh_nodes_t2020-04-18T00.npy
2020-04-18T09:00:00.000000000.nc,2020-04-18 09:00:00,2020-04-18 06:00:00,2020,316,3.0,1886,0.04604267369757336,/share/prj-4d/graphcast_shared/data/graphcast_activation_2020/layer0008_mesh_gnn_post_res_nodes_mesh_nodes_t2020-04-18T06.npy
2020-04-19T19:00:00.000000000.nc,2020-04-19 19:00:00,2020-04-19 18:00:00,2020,322,1.0,1934,0.04721449147990821,/share/prj-4d/graphcast_shared/data/graphcast_activation_2020/layer0008_mesh_gnn_post_res_nodes_mesh_nodes_t2020-04-19T18.npy
2020-04-23T03:00:00.000000000.nc,2020-04-23 03:00:00,2020-04-23 00:00:00,2020,335,3.0,2697,0.06584151164493922,/share/prj-4d/graphcast_shared/data/graphcast_activation_2020/layer0008_mesh_gnn_post_res_nodes_mesh_nodes_t2020-04-23T00.npy
2020-04-24T16:00:00.000000000.nc,2020-04-24 16:00:00,2020-04-24 18:00:00,2020,342,2.0,1850,0.045163810360822225,/share/prj-4d/graphcast_shared/data/graphcast_activation_2020/layer0008_mesh_gnn_post_res_nodes_mesh_nodes_t2020-04-24T18.npy
2020-04-24T18:00:00.000000000.nc,2020-04-24 18:00:00,2020-04-24 18:00:00,2020,342,0.0,1088,0.02656120306625653,/share/prj-4d/graphcast_shared/data/graphcast_activation_2020/layer0008_mesh_gnn_post_res_nodes_mesh_nodes_t2020-04-24T18.npy
2020-04-26T10:00:00.000000000.nc,2020-04-26 10:00:00,2020-04-26 12:00:00,2020,349,2.0,852,0.020799765636443535,/share/prj-4d/graphcast_shared/data/graphcast_activation_2020/layer0008_mesh_gnn_post_res_nodes_mesh_nodes_t2020-04-26T12.npy
2020-04-27T03:00:00.000000000.nc,2020-04-27 03:00:00,2020-04-27 00:00:00,2020,351,3.0,2450,0.05981153264000781,/share/prj-4d/graphcast_shared/data/graphcast_activation_2020/layer0008_mesh_gnn_post_res_nodes_mesh_nodes_t2020-04-27T00.npy
2020-04-29T06:00:00.000000000.nc,2020-04-29 06:00:00,2020-04-29 06:00:00,2020,360,0.0,1873,0.04572530638152434,/share/prj-4d/graphcast_shared/data/graphcast_activation_2020/layer0008_mesh_gnn_post_res_nodes_mesh_nodes_t2020-04-29T06.npy
2020-04-29T08:00:00.000000000.nc,2020-04-29 08:00:00,2020-04-29 06:00:00,2020,360,2.0,1501,0.036643718568429275,/share/prj-4d/graphcast_shared/data/graphcast_activation_2020/layer0008_mesh_gnn_post_res_nodes_mesh_nodes_t2020-04-29T06.npy
2020-04-30T19:00:00.000000000.nc,2020-04-30 19:00:00,2020-04-30 18:00:00,2020,366,1.0,1144,0.027928323812313853,/share/prj-4d/graphcast_shared/data/graphcast_activation_2020/layer0008_mesh_gnn_post_res_nodes_mesh_nodes_t2020-04-30T18.npy
2020-05-01T05:00:00.000000000.nc,2020-05-01 05:00:00,2020-05-01 06:00:00,2020,368,1.0,771,0.01882232312875348,/share/prj-4d/graphcast_shared/data/graphcast_activation_2020/layer0008_mesh_gnn_post_res_nodes_mesh_nodes_t2020-05-01T06.npy
2020-05-02T20:00:00.000000000.nc,2020-05-02 20:00:00,2020-05-02 18:00:00,2020,374,2.0,235,0.005737024559347688,/share/prj-4d/graphcast_shared/data/graphcast_activation_2020/layer0008_mesh_gnn_post_res_nodes_mesh_nodes_t2020-05-02T18.npy
2020-05-04T00:00:00.000000000.nc,2020-05-04 00:00:00,2020-05-04 00:00:00,2020,379,0.0,2650,0.06469410673306968,/share/prj-4d/graphcast_shared/data/graphcast_activation_2020/layer0008_mesh_gnn_post_res_nodes_mesh_nodes_t2020-05-04T00.npy
2020-05-04T13:00:00.000000000.nc,2020-05-04 13:00:00,2020-05-04 12:00:00,2020,381,1.0,2280,0.05566134466090523,/share/prj-4d/graphcast_shared/data/graphcast_activation_2020/layer0008_mesh_gnn_post_res_nodes_mesh_nodes_t2020-05-04T12.npy
2020-05-06T00:00:00.000000000.nc,2020-05-06 00:00:00,2020-05-06 00:00:00,2020,387,0.0,1733,0.04230750451638104,/share/prj-4d/graphcast_shared/data/graphcast_activation_2020/layer0008_mesh_gnn_post_res_nodes_mesh_nodes_t2020-05-06T00.npy
2020-05-09T14:00:00.000000000.nc,2020-05-09 14:00:00,2020-05-09 12:00:00,2020,401,2.0,499,0.012182022362189347,/share/prj-4d/graphcast_shared/data/graphcast_activation_2020/layer0008_mesh_gnn_post_res_nodes_mesh_nodes_t2020-05-09T12.npy
2020-05-10T23:00:00.000000000.nc,2020-05-10 23:00:00,2020-05-11 00:00:00,2020,407,1.0,1171,0.028587471314877204,/share/prj-4d/graphcast_shared/data/graphcast_activation_2020/layer0008_mesh_gnn_post_res_nodes_mesh_nodes_t2020-05-11T00.npy
2020-05-13T19:00:00.000000000.nc,2020-05-13 19:00:00,2020-05-13 18:00:00,2020,418,1.0,1244,0.030369610858844782,/share/prj-4d/graphcast_shared/data/graphcast_activation_2020/layer0008_mesh_gnn_post_res_nodes_mesh_nodes_t2020-05-13T18.npy
2020-05-15T22:00:00.000000000.nc,2020-05-15 22:00:00,2020-05-16 00:00:00,2020,427,2.0,1512,0.036912260143547676,/share/prj-4d/graphcast_shared/data/graphcast_activation_2020/layer0008_mesh_gnn_post_res_nodes_mesh_nodes_t2020-05-16T00.npy
2020-05-16T00:00:00.000000000.nc,2020-05-16 00:00:00,2020-05-16 00:00:00,2020,427,0.0,1185,0.028929251501391532,/share/prj-4d/graphcast_shared/data/graphcast_activation_2020/layer0008_mesh_gnn_post_res_nodes_mesh_nodes_t2020-05-16T00.npy
2020-05-17T03:00:00.000000000.nc,2020-05-17 03:00:00,2020-05-17 00:00:00,2020,431,3.0,1370,0.033445632537473756,/share/prj-4d/graphcast_shared/data/graphcast_activation_2020/layer0008_mesh_gnn_post_res_nodes_mesh_nodes_t2020-05-17T00.npy
2020-05-17T08:00:00.000000000.nc,2020-05-17 08:00:00,2020-05-17 06:00:00,2020,432,2.0,803,0.019603534983643377,/share/prj-4d/graphcast_shared/data/graphcast_activation_2020/layer0008_mesh_gnn_post_res_nodes_mesh_nodes_t2020-05-17T06.npy
2020-05-17T12:00:00.000000000.nc,2020-05-17 12:00:00,2020-05-17 12:00:00,2020,433,0.0,1265,0.03088228113861628,/share/prj-4d/graphcast_shared/data/graphcast_activation_2020/layer0008_mesh_gnn_post_res_nodes_mesh_nodes_t2020-05-17T12.npy
2020-05-18T11:00:00.000000000.nc,2020-05-18 11:00:00,2020-05-18 12:00:00,2020,437,1.0,3004,0.07333626287778917,/share/prj-4d/graphcast_shared/data/graphcast_activation_2020/layer0008_mesh_gnn_post_res_nodes_mesh_nodes_t2020-05-18T12.npy
2020-05-22T10:00:00.000000000.nc,2020-05-22 10:00:00,2020-05-22 12:00:00,2020,453,2.0,1455,0.03552072652702505,/share/prj-4d/graphcast_shared/data/graphcast_activation_2020/layer0008_mesh_gnn_post_res_nodes_mesh_nodes_t2020-05-22T12.npy
2020-05-28T19:00:00.000000000.nc,2020-05-28 19:00:00,2020-05-28 18:00:00,2020,478,1.0,2018,0.04926517259899419,/share/prj-4d/graphcast_shared/data/graphcast_activation_2020/layer0008_mesh_gnn_post_res_nodes_mesh_nodes_t2020-05-28T18.npy
2020-05-29T15:00:00.000000000.nc,2020-05-29 15:00:00,2020-05-29 12:00:00,2020,481,3.0,1500,0.03661930569796397,/share/prj-4d/graphcast_shared/data/graphcast_activation_2020/layer0008_mesh_gnn_post_res_nodes_mesh_nodes_t2020-05-29T12.npy
2020-05-29T17:00:00.000000000.nc,2020-05-29 17:00:00,2020-05-29 18:00:00,2020,482,1.0,855,0.02087300424783946,/share/prj-4d/graphcast_shared/data/graphcast_activation_2020/layer0008_mesh_gnn_post_res_nodes_mesh_nodes_t2020-05-29T18.npy
2020-05-31T06:00:00.000000000.nc,2020-05-31 06:00:00,2020-05-31 06:00:00,2020,488,0.0,1996,0.04872808944875739,/share/prj-4d/graphcast_shared/data/graphcast_activation_2020/layer0008_mesh_gnn_post_res_nodes_mesh_nodes_t2020-05-31T06.npy
2020-06-03T03:00:00.000000000.nc,2020-06-03 03:00:00,2020-06-03 00:00:00,2020,499,3.0,811,0.019798837947365852,/share/prj-4d/graphcast_shared/data/graphcast_activation_2020/layer0008_mesh_gnn_post_res_nodes_mesh_nodes_t2020-06-03T00.npy
2020-06-03T13:00:00.000000000.nc,2020-06-03 13:00:00,2020-06-03 12:00:00,2020,501,1.0,1734,0.04233191738684634,/share/prj-4d/graphcast_shared/data/graphcast_activation_2020/layer0008_mesh_gnn_post_res_nodes_mesh_nodes_t2020-06-03T12.npy
2020-06-04T20:00:00.000000000.nc,2020-06-04 20:00:00,2020-06-04 18:00:00,2020,506,2.0,2280,0.05566134466090523,/share/prj-4d/graphcast_shared/data/graphcast_activation_2020/layer0008_mesh_gnn_post_res_nodes_mesh_nodes_t2020-06-04T18.npy
2020-06-10T10:00:00.000000000.nc,2020-06-10 10:00:00,2020-06-10 12:00:00,2020,529,2.0,2613,0.06379083052585323,/share/prj-4d/graphcast_shared/data/graphcast_activation_2020/layer0008_mesh_gnn_post_res_nodes_mesh_nodes_t2020-06-10T12.npy
2020-06-11T09:00:00.000000000.nc,2020-06-11 09:00:00,2020-06-11 06:00:00,2020,532,3.0,1799,0.04391875396709145,/share/prj-4d/graphcast_shared/data/graphcast_activation_2020/layer0008_mesh_gnn_post_res_nodes_mesh_nodes_t2020-06-11T06.npy
2020-06-11T17:00:00.000000000.nc,2020-06-11 17:00:00,2020-06-11 18:00:00,2020,534,1.0,454,0.011083443191250427,/share/prj-4d/graphcast_shared/data/graphcast_activation_2020/layer0008_mesh_gnn_post_res_nodes_mesh_nodes_t2020-06-11T18.npy
2020-06-11T19:00:00.000000000.nc,2020-06-11 19:00:00,2020-06-11 18:00:00,2020,534,1.0,2513,0.0613495434793223,/share/prj-4d/graphcast_shared/data/graphcast_activation_2020/layer0008_mesh_gnn_post_res_nodes_mesh_nodes_t2020-06-11T18.npy
2020-06-12T22:00:00.000000000.nc,2020-06-12 22:00:00,2020-06-13 00:00:00,2020,539,2.0,2369,0.05783409013231776,/share/prj-4d/graphcast_shared/data/graphcast_activation_2020/layer0008_mesh_gnn_post_res_nodes_mesh_nodes_t2020-06-13T00.npy
2020-06-14T13:00:00.000000000.nc,2020-06-14 13:00:00,2020-06-14 12:00:00,2020,545,1.0,1413,0.034495385967482056,/share/prj-4d/graphcast_shared/data/graphcast_activation_2020/layer0008_mesh_gnn_post_res_nodes_mesh_nodes_t2020-06-14T12.npy
2020-06-16T04:00:00.000000000.nc,2020-06-16 04:00:00,2020-06-16 06:00:00,2020,552,2.0,2057,0.050217274547141255,/share/prj-4d/graphcast_shared/data/graphcast_activation_2020/layer0008_mesh_gnn_post_res_nodes_mesh_nodes_t2020-06-16T06.npy
2020-06-17T02:00:00.000000000.nc,2020-06-17 02:00:00,2020-06-17 00:00:00,2020,555,2.0,985,0.02404667740832967,/share/prj-4d/graphcast_shared/data/graphcast_activation_2020/layer0008_mesh_gnn_post_res_nodes_mesh_nodes_t2020-06-17T00.npy
2020-06-18T19:00:00.000000000.nc,2020-06-18 19:00:00,2020-06-18 18:00:00,2020,562,1.0,1536,0.037498169034715104,/share/prj-4d/graphcast_shared/data/graphcast_activation_2020/layer0008_mesh_gnn_post_res_nodes_mesh_nodes_t2020-06-18T18.npy
2020-06-18T23:00:00.000000000.nc,2020-06-18 23:00:00,2020-06-19 00:00:00,2020,563,1.0,1717,0.04191689858893609,/share/prj-4d/graphcast_shared/data/graphcast_activation_2020/layer0008_mesh_gnn_post_res_nodes_mesh_nodes_t2020-06-19T00.npy
2020-06-22T00:00:00.000000000.nc,2020-06-22 00:00:00,2020-06-22 00:00:00,2020,575,0.0,2696,0.0658170987744739,/share/prj-4d/graphcast_shared/data/graphcast_activation_2020/layer0008_mesh_gnn_post_res_nodes_mesh_nodes_t2020-06-22T00.npy
2020-06-22T08:00:00.000000000.nc,2020-06-22 08:00:00,2020-06-22 06:00:00,2020,576,2.0,955,0.023314291294370394,/share/prj-4d/graphcast_shared/data/graphcast_activation_2020/layer0008_mesh_gnn_post_res_nodes_mesh_nodes_t2020-06-22T06.npy
2020-06-29T20:00:00.000000000.nc,2020-06-29 20:00:00,2020-06-29 18:00:00,2020,606,2.0,1333,0.03254235633025731,/share/prj-4d/graphcast_shared/data/graphcast_activation_2020/layer0008_mesh_gnn_post_res_nodes_mesh_nodes_t2020-06-29T18.npy
2020-06-30T11:00:00.000000000.nc,2020-06-30 11:00:00,2020-06-30 12:00:00,2020,609,1.0,1503,0.03669254430935989,/share/prj-4d/graphcast_shared/data/graphcast_activation_2020/layer0008_mesh_gnn_post_res_nodes_mesh_nodes_t2020-06-30T12.npy
2020-06-30T20:00:00.000000000.nc,2020-06-30 20:00:00,2020-06-30 18:00:00,2020,610,2.0,2331,0.056906401054636006,/share/prj-4d/graphcast_shared/data/graphcast_activation_2020/layer0008_mesh_gnn_post_res_nodes_mesh_nodes_t2020-06-30T18.npy
2020-07-02T17:00:00.000000000.nc,2020-07-02 17:00:00,2020-07-02 18:00:00,2020,618,1.0,1867,0.04557882915873249,/share/prj-4d/graphcast_shared/data/graphcast_activation_2020/layer0008_mesh_gnn_post_res_nodes_mesh_nodes_t2020-07-02T18.npy
2020-07-03T20:00:00.000000000.nc,2020-07-03 20:00:00,2020-07-03 18:00:00,2020,622,2.0,1423,0.03473951467213515,/share/prj-4d/graphcast_shared/data/graphcast_activation_2020/layer0008_mesh_gnn_post_res_nodes_mesh_nodes_t2020-07-03T18.npy
2020-07-04T04:00:00.000000000.nc,2020-07-04 04:00:00,2020-07-04 06:00:00,2020,624,2.0,1844,0.04501733313803037,/share/prj-4d/graphcast_shared/data/graphcast_activation_2020/layer0008_mesh_gnn_post_res_nodes_mesh_nodes_t2020-07-04T06.npy
2020-07-05T06:00:00.000000000.nc,2020-07-05 06:00:00,2020-07-05 06:00:00,2020,628,0.0,1696,0.04140422830916459,/share/prj-4d/graphcast_shared/data/graphcast_activation_2020/layer0008_mesh_gnn_post_res_nodes_mesh_nodes_t2020-07-05T06.npy
2020-07-05T10:00:00.000000000.nc,2020-07-05 10:00:00,2020-07-05 12:00:00,2020,629,2.0,2290,0.055905473365558324,/share/prj-4d/graphcast_shared/data/graphcast_activation_2020/layer0008_mesh_gnn_post_res_nodes_mesh_nodes_t2020-07-05T12.npy
2020-07-05T11:00:00.000000000.nc,2020-07-05 11:00:00,2020-07-05 12:00:00,2020,629,1.0,3295,0.08044040818319417,/share/prj-4d/graphcast_shared/data/graphcast_activation_2020/layer0008_mesh_gnn_post_res_nodes_mesh_nodes_t2020-07-05T12.npy
2020-07-06T22:00:00.000000000.nc,2020-07-06 22:00:00,2020-07-07 00:00:00,2020,635,2.0,1757,0.04289341340754846,/share/prj-4d/graphcast_shared/data/graphcast_activation_2020/layer0008_mesh_gnn_post_res_nodes_mesh_nodes_t2020-07-07T00.npy
2020-07-09T21:00:00.000000000.nc,2020-07-09 21:00:00,2020-07-09 18:00:00,2020,646,3.0,2371,0.057882915873248376,/share/prj-4d/graphcast_shared/data/graphcast_activation_2020/layer0008_mesh_gnn_post_res_nodes_mesh_nodes_t2020-07-09T18.npy
2020-07-12T03:00:00.000000000.nc,2020-07-12 03:00:00,2020-07-12 00:00:00,2020,655,3.0,1831,0.044699965821981345,/share/prj-4d/graphcast_shared/data/graphcast_activation_2020/layer0008_mesh_gnn_post_res_nodes_mesh_nodes_t2020-07-12T00.npy
2020-07-12T17:00:00.000000000.nc,2020-07-12 17:00:00,2020-07-12 18:00:00,2020,658,1.0,2647,0.06462086812167375,/share/prj-4d/graphcast_shared/data/graphcast_activation_2020/layer0008_mesh_gnn_post_res_nodes_mesh_nodes_t2020-07-12T18.npy
2020-07-14T21:00:00.000000000.nc,2020-07-14 21:00:00,2020-07-14 18:00:00,2020,666,3.0,2316,0.05654020799765636,/share/prj-4d/graphcast_shared/data/graphcast_activation_2020/layer0008_mesh_gnn_post_res_nodes_mesh_nodes_t2020-07-14T18.npy
2020-07-18T22:00:00.000000000.nc,2020-07-18 22:00:00,2020-07-19 00:00:00,2020,683,2.0,1117,0.027269176309750502,/share/prj-4d/graphcast_shared/data/graphcast_activation_2020/layer0008_mesh_gnn_post_res_nodes_mesh_nodes_t2020-07-19T00.npy
2020-07-19T18:00:00.000000000.nc,2020-07-19 18:00:00,2020-07-19 18:00:00,2020,686,0.0,1812,0.04423612128314047,/share/prj-4d/graphcast_shared/data/graphcast_activation_2020/layer0008_mesh_gnn_post_res_nodes_mesh_nodes_t2020-07-19T18.npy
2020-07-24T02:00:00.000000000.nc,2020-07-24 02:00:00,2020-07-24 00:00:00,2020,703,2.0,1061,0.02590205556369318,/share/prj-4d/graphcast_shared/data/graphcast_activation_2020/layer0008_mesh_gnn_post_res_nodes_mesh_nodes_t2020-07-24T00.npy
2020-07-24T08:00:00.000000000.nc,2020-07-24 08:00:00,2020-07-24 06:00:00,2020,704,2.0,2116,0.051657633904594505,/share/prj-4d/graphcast_shared/data/graphcast_activation_2020/layer0008_mesh_gnn_post_res_nodes_mesh_nodes_t2020-07-24T06.npy
2020-07-24T10:00:00.000000000.nc,2020-07-24 10:00:00,2020-07-24 12:00:00,2020,705,2.0,1630,0.039792978858454175,/share/prj-4d/graphcast_shared/data/graphcast_activation_2020/layer0008_mesh_gnn_post_res_nodes_mesh_nodes_t2020-07-24T12.npy
2020-07-28T03:00:00.000000000.nc,2020-07-28 03:00:00,2020-07-28 00:00:00,2020,719,3.0,2192,0.05351301205995801,/share/prj-4d/graphcast_shared/data/graphcast_activation_2020/layer0008_mesh_gnn_post_res_nodes_mesh_nodes_t2020-07-28T00.npy
2020-07-28T20:00:00.000000000.nc,2020-07-28 20:00:00,2020-07-28 18:00:00,2020,722,2.0,1422,0.03471510180166984,/share/prj-4d/graphcast_shared/data/graphcast_activation_2020/layer0008_mesh_gnn_post_res_nodes_mesh_nodes_t2020-07-28T18.npy
2020-07-28T23:00:00.000000000.nc,2020-07-28 23:00:00,2020-07-29 00:00:00,2020,723,1.0,2143,0.052316781407157856,/share/prj-4d/graphcast_shared/data/graphcast_activation_2020/layer0008_mesh_gnn_post_res_nodes_mesh_nodes_t2020-07-29T00.npy
2020-07-30T08:00:00.000000000.nc,2020-07-30 08:00:00,2020-07-30 06:00:00,2020,728,2.0,816,0.019920902299692397,/share/prj-4d/graphcast_shared/data/graphcast_activation_2020/layer0008_mesh_gnn_post_res_nodes_mesh_nodes_t2020-07-30T06.npy
2020-08-01T14:00:00.000000000.nc,2020-08-01 14:00:00,2020-08-01 12:00:00,2020,737,2.0,633,0.015453347004540794,/share/prj-4d/graphcast_shared/data/graphcast_activation_2020/layer0008_mesh_gnn_post_res_nodes_mesh_nodes_t2020-08-01T12.npy
2020-08-05T22:00:00.000000000.nc,2020-08-05 22:00:00,2020-08-06 00:00:00,2020,755,2.0,1142,0.027879498071383232,/share/prj-4d/graphcast_shared/data/graphcast_activation_2020/layer0008_mesh_gnn_post_res_nodes_mesh_nodes_t2020-08-06T00.npy
2020-08-06T18:00:00.000000000.nc,2020-08-06 18:00:00,2020-08-06 18:00:00,2020,758,0.0,1127,0.027513305014403595,/share/prj-4d/graphcast_shared/data/graphcast_activation_2020/layer0008_mesh_gnn_post_res_nodes_mesh_nodes_t2020-08-06T18.npy
2020-08-07T04:00:00.000000000.nc,2020-08-07 04:00:00,2020-08-07 06:00:00,2020,760,2.0,1758,0.04291782627801377,/share/prj-4d/graphcast_shared/data/graphcast_activation_2020/layer0008_mesh_gnn_post_res_nodes_mesh_nodes_t2020-08-07T06.npy
2020-08-08T07:00:00.000000000.nc,2020-08-08 07:00:00,2020-08-08 06:00:00,2020,764,1.0,2436,0.05946975245349348,/share/prj-4d/graphcast_shared/data/graphcast_activation_2020/layer0008_mesh_gnn_post_res_nodes_mesh_nodes_t2020-08-08T06.npy
2020-08-09T19:00:00.000000000.nc,2020-08-09 19:00:00,2020-08-09 18:00:00,2020,770,1.0,1675,0.040891558029393094,/share/prj-4d/graphcast_shared/data/graphcast_activation_2020/layer0008_mesh_gnn_post_res_nodes_mesh_nodes_t2020-08-09T18.npy
2020-08-13T04:00:00.000000000.nc,2020-08-13 04:00:00,2020-08-13 06:00:00,2020,784,2.0,895,0.021849519066451835,/share/prj-4d/graphcast_shared/data/graphcast_activation_2020/layer0008_mesh_gnn_post_res_nodes_mesh_nodes_t2020-08-13T06.npy
2020-08-16T10:00:00.000000000.nc,2020-08-16 10:00:00,2020-08-16 12:00:00,2020,797,2.0,1175,0.02868512279673844,/share/prj-4d/graphcast_shared/data/graphcast_activation_2020/layer0008_mesh_gnn_post_res_nodes_mesh_nodes_t2020-08-16T12.npy
2020-08-17T21:00:00.000000000.nc,2020-08-17 21:00:00,2020-08-17 18:00:00,2020,802,3.0,1677,0.04094038377032371,/share/prj-4d/graphcast_shared/data/graphcast_activation_2020/layer0008_mesh_gnn_post_res_nodes_mesh_nodes_t2020-08-17T18.npy
2020-08-18T04:00:00.000000000.nc,2020-08-18 04:00:00,2020-08-18 06:00:00,2020,804,2.0,1231,0.030052243542795763,/share/prj-4d/graphcast_shared/data/graphcast_activation_2020/layer0008_mesh_gnn_post_res_nodes_mesh_nodes_t2020-08-18T06.npy
2020-08-18T15:00:00.000000000.nc,2020-08-18 15:00:00,2020-08-18 12:00:00,2020,805,3.0,1803,0.04401640544895269,/share/prj-4d/graphcast_shared/data/graphcast_activation_2020/layer0008_mesh_gnn_post_res_nodes_mesh_nodes_t2020-08-18T12.npy
2020-08-19T01:00:00.000000000.nc,2020-08-19 01:00:00,2020-08-19 00:00:00,2020,807,1.0,1989,0.04855719935550022,/share/prj-4d/graphcast_shared/data/graphcast_activation_2020/layer0008_mesh_gnn_post_res_nodes_mesh_nodes_t2020-08-19T00.npy
2020-08-19T17:00:00.000000000.nc,2020-08-19 17:00:00,2020-08-19 18:00:00,2020,810,1.0,1822,0.04448024998779356,/share/prj-4d/graphcast_shared/data/graphcast_activation_2020/layer0008_mesh_gnn_post_res_nodes_mesh_nodes_t2020-08-19T18.npy
2020-08-21T05:00:00.000000000.nc,2020-08-21 05:00:00,2020-08-21 06:00:00,2020,816,1.0,2006,0.04897221815341048,/share/prj-4d/graphcast_shared/data/graphcast_activation_2020/layer0008_mesh_gnn_post_res_nodes_mesh_nodes_t2020-08-21T06.npy
2020-08-22T17:00:00.000000000.nc,2020-08-22 17:00:00,2020-08-22 18:00:00,2020,822,1.0,1322,0.03227381475513891,/share/prj-4d/graphcast_shared/data/graphcast_activation_2020/layer0008_mesh_gnn_post_res_nodes_mesh_nodes_t2020-08-22T18.npy
2020-08-29T10:00:00.000000000.nc,2020-08-29 10:00:00,2020-08-29 12:00:00,2020,849,2.0,1463,0.03571602949074752,/share/prj-4d/graphcast_shared/data/graphcast_activation_2020/layer0008_mesh_gnn_post_res_nodes_mesh_nodes_t2020-08-29T12.npy
2020-08-30T19:00:00.000000000.nc,2020-08-30 19:00:00,2020-08-30 18:00:00,2020,854,1.0,1471,0.035911332454469994,/share/prj-4d/graphcast_shared/data/graphcast_activation_2020/layer0008_mesh_gnn_post_res_nodes_mesh_nodes_t2020-08-30T18.npy
2020-09-01T00:00:00.000000000.nc,2020-09-01 00:00:00,2020-09-01 00:00:00,2020,859,0.0,2139,0.05221912992529661,/share/prj-4d/graphcast_shared/data/graphcast_activation_2020/layer0008_mesh_gnn_post_res_nodes_mesh_nodes_t2020-09-01T00.npy
2020-09-02T17:00:00.000000000.nc,2020-09-02 17:00:00,2020-09-02 18:00:00,2020,866,1.0,2204,0.05380596650554172,/share/prj-4d/graphcast_shared/data/graphcast_activation_2020/layer0008_mesh_gnn_post_res_nodes_mesh_nodes_t2020-09-02T18.npy
2020-09-03T06:00:00.000000000.nc,2020-09-03 06:00:00,2020-09-03 06:00:00,2020,868,0.0,2140,0.052243542795761926,/share/prj-4d/graphcast_shared/data/graphcast_activation_2020/layer0008_mesh_gnn_post_res_nodes_mesh_nodes_t2020-09-03T06.npy
2020-09-03T21:00:00.000000000.nc,2020-09-03 21:00:00,2020-09-03 18:00:00,2020,870,3.0,895,0.021849519066451835,/share/prj-4d/graphcast_shared/data/graphcast_activation_2020/layer0008_mesh_gnn_post_res_nodes_mesh_nodes_t2020-09-03T18.npy
2020-09-06T10:00:00.000000000.nc,2020-09-06 10:00:00,2020-09-06 12:00:00,2020,881,2.0,1702,0.041550705531956444,/share/prj-4d/graphcast_shared/data/graphcast_activation_2020/layer0008_mesh_gnn_post_res_nodes_mesh_nodes_t2020-09-06T12.npy
2020-09-07T07:00:00.000000000.nc,2020-09-07 07:00:00,2020-09-07 06:00:00,2020,884,1.0,1009,0.024632586299497095,/share/prj-4d/graphcast_shared/data/graphcast_activation_2020/layer0008_mesh_gnn_post_res_nodes_mesh_nodes_t2020-09-07T06.npy
2020-09-10T02:00:00.000000000.nc,2020-09-10 02:00:00,2020-09-10 00:00:00,2020,895,2.0,1744,0.04257604609149944,/share/prj-4d/graphcast_shared/data/graphcast_activation_2020/layer0008_mesh_gnn_post_res_nodes_mesh_nodes_t2020-09-10T00.npy
2020-09-10T08:00:00.000000000.nc,2020-09-10 08:00:00,2020-09-10 06:00:00,2020,896,2.0,1956,0.04775157463014501,/share/prj-4d/graphcast_shared/data/graphcast_activation_2020/layer0008_mesh_gnn_post_res_nodes_mesh_nodes_t2020-09-10T06.npy
2020-09-11T01:00:00.000000000.nc,2020-09-11 01:00:00,2020-09-11 00:00:00,2020,899,1.0,1448,0.035349836433767885,/share/prj-4d/graphcast_shared/data/graphcast_activation_2020/layer0008_mesh_gnn_post_res_nodes_mesh_nodes_t2020-09-11T00.npy
2020-09-12T17:00:00.000000000.nc,2020-09-12 17:00:00,2020-09-12 18:00:00,2020,906,1.0,2202,0.053757140764611105,/share/prj-4d/graphcast_shared/data/graphcast_activation_2020/layer0008_mesh_gnn_post_res_nodes_mesh_nodes_t2020-09-12T18.npy
2020-09-15T13:00:00.000000000.nc,2020-09-15 13:00:00,2020-09-15 12:00:00,2020,917,1.0,1437,0.03508129485864948,/share/prj-4d/graphcast_shared/data/graphcast_activation_2020/layer0008_mesh_gnn_post_res_nodes_mesh_nodes_t2020-09-15T12.npy
2020-09-16T16:00:00.000000000.nc,2020-09-16 16:00:00,2020-09-16 18:00:00,2020,922,2.0,2129,0.051975001220643524,/share/prj-4d/graphcast_shared/data/graphcast_activation_2020/layer0008_mesh_gnn_post_res_nodes_mesh_nodes_t2020-09-16T18.npy
2020-09-17T16:00:00.000000000.nc,2020-09-17 16:00:00,2020-09-17 18:00:00,2020,926,2.0,2094,0.051120550754357695,/share/prj-4d/graphcast_shared/data/graphcast_activation_2020/layer0008_mesh_gnn_post_res_nodes_mesh_nodes_t2020-09-17T18.npy
2020-09-19T12:00:00.000000000.nc,2020-09-19 12:00:00,2020-09-19 12:00:00,2020,933,0.0,2374,0.05795615448464431,/share/prj-4d/graphcast_shared/data/graphcast_activation_2020/layer0008_mesh_gnn_post_res_nodes_mesh_nodes_t2020-09-19T12.npy
2020-09-24T02:00:00.000000000.nc,2020-09-24 02:00:00,2020-09-24 00:00:00,2020,951,2.0,1635,0.039915043210780723,/share/prj-4d/graphcast_shared/data/graphcast_activation_2020/layer0008_mesh_gnn_post_res_nodes_mesh_nodes_t2020-09-24T00.npy
2020-09-24T09:00:00.000000000.nc,2020-09-24 09:00:00,2020-09-24 06:00:00,2020,952,3.0,1755,0.04284458766661784,/share/prj-4d/graphcast_shared/data/graphcast_activation_2020/layer0008_mesh_gnn_post_res_nodes_mesh_nodes_t2020-09-24T06.npy
2020-09-24T18:00:00.000000000.nc,2020-09-24 18:00:00,2020-09-24 18:00:00,2020,954,0.0,1521,0.03713197597773546,/share/prj-4d/graphcast_shared/data/graphcast_activation_2020/layer0008_mesh_gnn_post_res_nodes_mesh_nodes_t2020-09-24T18.npy
2020-09-25T18:00:00.000000000.nc,2020-09-25 18:00:00,2020-09-25 18:00:00,2020,958,0.0,824,0.02011620526341487,/share/prj-4d/graphcast_shared/data/graphcast_activation_2020/layer0008_mesh_gnn_post_res_nodes_mesh_nodes_t2020-09-25T18.npy
2020-09-26T11:00:00.000000000.nc,2020-09-26 11:00:00,2020-09-26 12:00:00,2020,961,1.0,1024,0.024998779356476736,/share/prj-4d/graphcast_shared/data/graphcast_activation_2020/layer0008_mesh_gnn_post_res_nodes_mesh_nodes_t2020-09-26T12.npy
2020-09-29T12:00:00.000000000.nc,2020-09-29 12:00:00,2020-09-29 12:00:00,2020,973,0.0,1109,0.027073873346028027,/share/prj-4d/graphcast_shared/data/graphcast_activation_2020/layer0008_mesh_gnn_post_res_nodes_mesh_nodes_t2020-09-29T12.npy
2020-09-30T15:00:00.000000000.nc,2020-09-30 15:00:00,2020-09-30 12:00:00,2020,977,3.0,2854,0.06967433230799278,/share/prj-4d/graphcast_shared/data/graphcast_activation_2020/layer0008_mesh_gnn_post_res_nodes_mesh_nodes_t2020-09-30T12.npy
2020-10-01T09:00:00.000000000.nc,2020-10-01 09:00:00,2020-10-01 06:00:00,2020,980,3.0,2988,0.07294565695034422,/share/prj-4d/graphcast_shared/data/graphcast_activation_2020/layer0008_mesh_gnn_post_res_nodes_mesh_nodes_t2020-10-01T06.npy
2020-10-01T14:00:00.000000000.nc,2020-10-01 14:00:00,2020-10-01 12:00:00,2020,981,2.0,1303,0.031809970216298035,/share/prj-4d/graphcast_shared/data/graphcast_activation_2020/layer0008_mesh_gnn_post_res_nodes_mesh_nodes_t2020-10-01T12.npy
2020-10-03T10:00:00.000000000.nc,2020-10-03 10:00:00,2020-10-03 12:00:00,2020,989,2.0,1953,0.04767833601874909,/share/prj-4d/graphcast_shared/data/graphcast_activation_2020/layer0008_mesh_gnn_post_res_nodes_mesh_nodes_t2020-10-03T12.npy
2020-10-04T13:00:00.000000000.nc,2020-10-04 13:00:00,2020-10-04 12:00:00,2020,993,1.0,1446,0.03530101069283726,/share/prj-4d/graphcast_shared/data/graphcast_activation_2020/layer0008_mesh_gnn_post_res_nodes_mesh_nodes_t2020-10-04T12.npy
2020-10-05T08:00:00.000000000.nc,2020-10-05 08:00:00,2020-10-05 06:00:00,2020,996,2.0,3179,0.0776085152092183,/share/prj-4d/graphcast_shared/data/graphcast_activation_2020/layer0008_mesh_gnn_post_res_nodes_mesh_nodes_t2020-10-05T06.npy
2020-10-05T22:00:00.000000000.nc,2020-10-05 22:00:00,2020-10-06 00:00:00,2020,999,2.0,2273,0.05549045456764806,/share/prj-4d/graphcast_shared/data/graphcast_activation_2020/layer0008_mesh_gnn_post_res_nodes_mesh_nodes_t2020-10-06T00.npy
2020-10-06T05:00:00.000000000.nc,2020-10-06 05:00:00,2020-10-06 06:00:00,2020,1000,1.0,1145,0.027952736682779162,/share/prj-4d/graphcast_shared/data/graphcast_activation_2020/layer0008_mesh_gnn_post_res_nodes_mesh_nodes_t2020-10-06T06.npy
2020-10-07T16:00:00.000000000.nc,2020-10-07 16:00:00,2020-10-07 18:00:00,2020,1006,2.0,806,0.019676773595039304,/share/prj-4d/graphcast_shared/data/graphcast_activation_2020/layer0008_mesh_gnn_post_res_nodes_mesh_nodes_t2020-10-07T18.npy
2020-10-07T18:00:00.000000000.nc,2020-10-07 18:00:00,2020-10-07 18:00:00,2020,1006,0.0,2627,0.06413261071236756,/share/prj-4d/graphcast_shared/data/graphcast_activation_2020/layer0008_mesh_gnn_post_res_nodes_mesh_nodes_t2020-10-07T18.npy
2020-10-08T00:00:00.000000000.nc,2020-10-08 00:00:00,2020-10-08 00:00:00,2020,1007,0.0,1634,0.03989063034031541,/share/prj-4d/graphcast_shared/data/graphcast_activation_2020/layer0008_mesh_gnn_post_res_nodes_mesh_nodes_t2020-10-08T00.npy
2020-10-09T15:00:00.000000000.nc,2020-10-09 15:00:00,2020-10-09 12:00:00,2020,1013,3.0,2078,0.050729944826912746,/share/prj-4d/graphcast_shared/data/graphcast_activation_2020/layer0008_mesh_gnn_post_res_nodes_mesh_nodes_t2020-10-09T12.npy
2020-10-11T04:00:00.000000000.nc,2020-10-11 04:00:00,2020-10-11 06:00:00,2020,1020,2.0,963,0.023509594258092868,/share/prj-4d/graphcast_shared/data/graphcast_activation_2020/layer0008_mesh_gnn_post_res_nodes_mesh_nodes_t2020-10-11T06.npy
2020-10-12T06:00:00.000000000.nc,2020-10-12 06:00:00,2020-10-12 06:00:00,2020,1024,0.0,1092,0.02665885454811777,/share/prj-4d/graphcast_shared/data/graphcast_activation_2020/layer0008_mesh_gnn_post_res_nodes_mesh_nodes_t2020-10-12T06.npy
2020-10-17T18:00:00.000000000.nc,2020-10-17 18:00:00,2020-10-17 18:00:00,2020,1046,0.0,2199,0.053683902153215175,/share/prj-4d/graphcast_shared/data/graphcast_activation_2020/layer0008_mesh_gnn_post_res_nodes_mesh_nodes_t2020-10-17T18.npy
2020-10-21T07:00:00.000000000.nc,2020-10-21 07:00:00,2020-10-21 06:00:00,2020,1060,1.0,1057,0.02580440408183194,/share/prj-4d/graphcast_shared/data/graphcast_activation_2020/layer0008_mesh_gnn_post_res_nodes_mesh_nodes_t2020-10-21T06.npy
2020-10-21T23:00:00.000000000.nc,2020-10-21 23:00:00,2020-10-22 00:00:00,2020,1063,1.0,2226,0.054343049655778526,/share/prj-4d/graphcast_shared/data/graphcast_activation_2020/layer0008_mesh_gnn_post_res_nodes_mesh_nodes_t2020-10-22T00.npy
2020-10-23T03:00:00.000000000.nc,2020-10-23 03:00:00,2020-10-23 00:00:00,2020,1067,3.0,2408,0.05878619208046482,/share/prj-4d/graphcast_shared/data/graphcast_activation_2020/layer0008_mesh_gnn_post_res_nodes_mesh_nodes_t2020-10-23T00.npy
2020-10-24T05:00:00.000000000.nc,2020-10-24 05:00:00,2020-10-24 06:00:00,2020,1072,1.0,1561,0.03810849079634784,/share/prj-4d/graphcast_shared/data/graphcast_activation_2020/layer0008_mesh_gnn_post_res_nodes_mesh_nodes_t2020-10-24T06.npy
2020-10-27T05:00:00.000000000.nc,2020-10-27 05:00:00,2020-10-27 06:00:00,2020,1084,1.0,1432,0.034959230506322936,/share/prj-4d/graphcast_shared/data/graphcast_activation_2020/layer0008_mesh_gnn_post_res_nodes_mesh_nodes_t2020-10-27T06.npy
2020-10-27T23:00:00.000000000.nc,2020-10-27 23:00:00,2020-10-28 00:00:00,2020,1087,1.0,1075,0.02624383575020751,/share/prj-4d/graphcast_shared/data/graphcast_activation_2020/layer0008_mesh_gnn_post_res_nodes_mesh_nodes_t2020-10-28T00.npy
2020-10-29T00:00:00.000000000.nc,2020-10-29 00:00:00,2020-10-29 00:00:00,2020,1091,0.0,1642,0.04008593330403789,/share/prj-4d/graphcast_shared/data/graphcast_activation_2020/layer0008_mesh_gnn_post_res_nodes_mesh_nodes_t2020-10-29T00.npy
2020-11-03T07:00:00.000000000.nc,2020-11-03 07:00:00,2020-11-03 06:00:00,2020,1112,1.0,1027,0.025072017967872662,/share/prj-4d/graphcast_shared/data/graphcast_activation_2020/layer0008_mesh_gnn_post_res_nodes_mesh_nodes_t2020-11-03T06.npy
2020-11-04T00:00:00.000000000.nc,2020-11-04 00:00:00,2020-11-04 00:00:00,2020,1115,0.0,2557,0.06242370977979591,/share/prj-4d/graphcast_shared/data/graphcast_activation_2020/layer0008_mesh_gnn_post_res_nodes_mesh_nodes_t2020-11-04T00.npy
2020-11-05T00:00:00.000000000.nc,2020-11-05 00:00:00,2020-11-05 00:00:00,2020,1119,0.0,2424,0.05917679800790977,/share/prj-4d/graphcast_shared/data/graphcast_activation_2020/layer0008_mesh_gnn_post_res_nodes_mesh_nodes_t2020-11-05T00.npy
2020-11-05T21:00:00.000000000.nc,2020-11-05 21:00:00,2020-11-05 18:00:00,2020,1122,3.0,2308,0.05634490503393389,/share/prj-4d/graphcast_shared/data/graphcast_activation_2020/layer0008_mesh_gnn_post_res_nodes_mesh_nodes_t2020-11-05T18.npy
2020-11-06T06:00:00.000000000.nc,2020-11-06 06:00:00,2020-11-06 06:00:00,2020,1124,0.0,2017,0.04924075972852888,/share/prj-4d/graphcast_shared/data/graphcast_activation_2020/layer0008_mesh_gnn_post_res_nodes_mesh_nodes_t2020-11-06T06.npy
2020-11-07T05:00:00.000000000.nc,2020-11-07 05:00:00,2020-11-07 06:00:00,2020,1128,1.0,650,0.015868365802451052,/share/prj-4d/graphcast_shared/data/graphcast_activation_2020/layer0008_mesh_gnn_post_res_nodes_mesh_nodes_t2020-11-07T06.npy
2020-11-09T06:00:00.000000000.nc,2020-11-09 06:00:00,2020-11-09 06:00:00,2020,1136,0.0,1052,0.025682339729505396,/share/prj-4d/graphcast_shared/data/graphcast_activation_2020/layer0008_mesh_gnn_post_res_nodes_mesh_nodes_t2020-11-09T06.npy
2020-11-11T08:00:00.000000000.nc,2020-11-11 08:00:00,2020-11-11 06:00:00,2020,1144,2.0,2304,0.056247253552072655,/share/prj-4d/graphcast_shared/data/graphcast_activation_2020/layer0008_mesh_gnn_post_res_nodes_mesh_nodes_t2020-11-11T06.npy
2020-11-14T14:00:00.000000000.nc,2020-11-14 14:00:00,2020-11-14 12:00:00,2020,1157,2.0,1937,0.04728773009130414,/share/prj-4d/graphcast_shared/data/graphcast_activation_2020/layer0008_mesh_gnn_post_res_nodes_mesh_nodes_t2020-11-14T12.npy
2020-11-18T14:00:00.000000000.nc,2020-11-18 14:00:00,2020-11-18 12:00:00,2020,1173,2.0,941,0.022972511107856062,/share/prj-4d/graphcast_shared/data/graphcast_activation_2020/layer0008_mesh_gnn_post_res_nodes_mesh_nodes_t2020-11-18T12.npy
2020-11-20T21:00:00.000000000.nc,2020-11-20 21:00:00,2020-11-20 18:00:00,2020,1182,3.0,1897,0.04631121527269176,/share/prj-4d/graphcast_shared/data/graphcast_activation_2020/layer0008_mesh_gnn_post_res_nodes_mesh_nodes_t2020-11-20T18.npy
2020-11-21T06:00:00.000000000.nc,2020-11-21 06:00:00,2020-11-21 06:00:00,2020,1184,0.0,1221,0.02980811483814267,/share/prj-4d/graphcast_shared/data/graphcast_activation_2020/layer0008_mesh_gnn_post_res_nodes_mesh_nodes_t2020-11-21T06.npy
2020-11-21T21:00:00.000000000.nc,2020-11-21 21:00:00,2020-11-21 18:00:00,2020,1186,3.0,2528,0.06171573653630194,/share/prj-4d/graphcast_shared/data/graphcast_activation_2020/layer0008_mesh_gnn_post_res_nodes_mesh_nodes_t2020-11-21T18.npy
2020-11-22T03:00:00.000000000.nc,2020-11-22 03:00:00,2020-11-22 00:00:00,2020,1187,3.0,1880,0.045896196474781506,/share/prj-4d/graphcast_shared/data/graphcast_activation_2020/layer0008_mesh_gnn_post_res_nodes_mesh_nodes_t2020-11-22T00.npy
2020-11-23T12:00:00.000000000.nc,2020-11-23 12:00:00,2020-11-23 12:00:00,2020,1193,0.0,1667,0.04069625506567062,/share/prj-4d/graphcast_shared/data/graphcast_activation_2020/layer0008_mesh_gnn_post_res_nodes_mesh_nodes_t2020-11-23T12.npy
2020-11-24T23:00:00.000000000.nc,2020-11-24 23:00:00,2020-11-25 00:00:00,2020,1199,1.0,1026,0.025047605097407354,/share/prj-4d/graphcast_shared/data/graphcast_activation_2020/layer0008_mesh_gnn_post_res_nodes_mesh_nodes_t2020-11-25T00.npy
2020-11-26T06:00:00.000000000.nc,2020-11-26 06:00:00,2020-11-26 06:00:00,2020,1204,0.0,1918,0.04682388555246326,/share/prj-4d/graphcast_shared/data/graphcast_activation_2020/layer0008_mesh_gnn_post_res_nodes_mesh_nodes_t2020-11-26T06.npy
2020-11-26T17:00:00.000000000.nc,2020-11-26 17:00:00,2020-11-26 18:00:00,2020,1206,1.0,931,0.02272838240320297,/share/prj-4d/graphcast_shared/data/graphcast_activation_2020/layer0008_mesh_gnn_post_res_nodes_mesh_nodes_t2020-11-26T18.npy
2020-11-27T16:00:00.000000000.nc,2020-11-27 16:00:00,2020-11-27 18:00:00,2020,1210,2.0,1093,0.026683267418583078,/share/prj-4d/graphcast_shared/data/graphcast_activation_2020/layer0008_mesh_gnn_post_res_nodes_mesh_nodes_t2020-11-27T18.npy
2020-11-28T21:00:00.000000000.nc,2020-11-28 21:00:00,2020-11-28 18:00:00,2020,1214,3.0,1647,0.04020799765636444,/share/prj-4d/graphcast_shared/data/graphcast_activation_2020/layer0008_mesh_gnn_post_res_nodes_mesh_nodes_t2020-11-28T18.npy
2020-11-29T00:00:00.000000000.nc,2020-11-29 00:00:00,2020-11-29 00:00:00,2020,1215,0.0,1293,0.03156584151164494,/share/prj-4d/graphcast_shared/data/graphcast_activation_2020/layer0008_mesh_gnn_post_res_nodes_mesh_nodes_t2020-11-29T00.npy
2020-12-03T10:00:00.000000000.nc,2020-12-03 10:00:00,2020-12-03 12:00:00,2020,1233,2.0,1233,0.03010106928372638,/share/prj-4d/graphcast_shared/data/graphcast_activation_2020/layer0008_mesh_gnn_post_res_nodes_mesh_nodes_t2020-12-03T12.npy
2020-12-04T10:00:00.000000000.nc,2020-12-04 10:00:00,2020-12-04 12:00:00,2020,1237,2.0,1691,0.04128216395683804,/share/prj-4d/graphcast_shared/data/graphcast_activation_2020/layer0008_mesh_gnn_post_res_nodes_mesh_nodes_t2020-12-04T12.npy
2020-12-04T11:00:00.000000000.nc,2020-12-04 11:00:00,2020-12-04 12:00:00,2020,1237,1.0,940,0.022948098237390753,/share/prj-4d/graphcast_shared/data/graphcast_activation_2020/layer0008_mesh_gnn_post_res_nodes_mesh_nodes_t2020-12-04T12.npy
2020-12-06T19:00:00.000000000.nc,2020-12-06 19:00:00,2020-12-06 18:00:00,2020,1246,1.0,2275,0.05553928030857868,/share/prj-4d/graphcast_shared/data/graphcast_activation_2020/layer0008_mesh_gnn_post_res_nodes_mesh_nodes_t2020-12-06T18.npy
2020-12-06T20:00:00.000000000.nc,2020-12-06 20:00:00,2020-12-06 18:00:00,2020,1246,2.0,1585,0.03869439968751526,/share/prj-4d/graphcast_shared/data/graphcast_activation_2020/layer0008_mesh_gnn_post_res_nodes_mesh_nodes_t2020-12-06T18.npy
2020-12-07T11:00:00.000000000.nc,2020-12-07 11:00:00,2020-12-07 12:00:00,2020,1249,1.0,1365,0.03332356818514721,/share/prj-4d/graphcast_shared/data/graphcast_activation_2020/layer0008_mesh_gnn_post_res_nodes_mesh_nodes_t2020-12-07T12.npy
2020-12-11T10:00:00.000000000.nc,2020-12-11 10:00:00,2020-12-11 12:00:00,2020,1265,2.0,1533,0.03742493042331917,/share/prj-4d/graphcast_shared/data/graphcast_activation_2020/layer0008_mesh_gnn_post_res_nodes_mesh_nodes_t2020-12-11T12.npy
2020-12-12T08:00:00.000000000.nc,2020-12-12 08:00:00,2020-12-12 06:00:00,2020,1268,2.0,2229,0.054416288267174456,/share/prj-4d/graphcast_shared/data/graphcast_activation_2020/layer0008_mesh_gnn_post_res_nodes_mesh_nodes_t2020-12-12T06.npy
2020-12-14T01:00:00.000000000.nc,2020-12-14 01:00:00,2020-12-14 00:00:00,2020,1275,1.0,1985,0.04845954787363898,/share/prj-4d/graphcast_shared/data/graphcast_activation_2020/layer0008_mesh_gnn_post_res_nodes_mesh_nodes_t2020-12-14T00.npy
2020-12-14T02:00:00.000000000.nc,2020-12-14 02:00:00,2020-12-14 00:00:00,2020,1275,2.0,2113,0.051584395293198575,/share/prj-4d/graphcast_shared/data/graphcast_activation_2020/layer0008_mesh_gnn_post_res_nodes_mesh_nodes_t2020-12-14T00.npy
2020-12-14T21:00:00.000000000.nc,2020-12-14 21:00:00,2020-12-14 18:00:00,2020,1278,3.0,1134,0.027684195107660757,/share/prj-4d/graphcast_shared/data/graphcast_activation_2020/layer0008_mesh_gnn_post_res_nodes_mesh_nodes_t2020-12-14T18.npy
2020-12-16T15:00:00.000000000.nc,2020-12-16 15:00:00,2020-12-16 12:00:00,2020,1285,3.0,1458,0.035593965138420974,/share/prj-4d/graphcast_shared/data/graphcast_activation_2020/layer0008_mesh_gnn_post_res_nodes_mesh_nodes_t2020-12-16T12.npy
2020-12-19T10:00:00.000000000.nc,2020-12-19 10:00:00,2020-12-19 12:00:00,2020,1297,2.0,776,0.018944387481080027,/share/prj-4d/graphcast_shared/data/graphcast_activation_2020/layer0008_mesh_gnn_post_res_nodes_mesh_nodes_t2020-12-19T12.npy
2020-12-21T21:00:00.000000000.nc,2020-12-21 21:00:00,2020-12-21 18:00:00,2020,1306,3.0,1307,0.03190762169815927,/share/prj-4d/graphcast_shared/data/graphcast_activation_2020/layer0008_mesh_gnn_post_res_nodes_mesh_nodes_t2020-12-21T18.npy
2020-12-22T12:00:00.000000000.nc,2020-12-22 12:00:00,2020-12-22 12:00:00,2020,1309,0.0,869,0.021214784434353793,/share/prj-4d/graphcast_shared/data/graphcast_activation_2020/layer0008_mesh_gnn_post_res_nodes_mesh_nodes_t2020-12-22T12.npy
2020-12-22T15:00:00.000000000.nc,2020-12-22 15:00:00,2020-12-22 12:00:00,2020,1309,3.0,1987,0.048508373614569604,/share/prj-4d/graphcast_shared/data/graphcast_activation_2020/layer0008_mesh_gnn_post_res_nodes_mesh_nodes_t2020-12-22T12.npy
2020-12-24T23:00:00.000000000.nc,2020-12-24 23:00:00,2020-12-25 00:00:00,2020,1319,1.0,1971,0.048117767687124655,/share/prj-4d/graphcast_shared/data/graphcast_activation_2020/layer0008_mesh_gnn_post_res_nodes_mesh_nodes_t2020-12-25T00.npy
2020-12-25T21:00:00.000000000.nc,2020-12-25 21:00:00,2020-12-25 18:00:00,2020,1322,3.0,881,0.021507738879937503,/share/prj-4d/graphcast_shared/data/graphcast_activation_2020/layer0008_mesh_gnn_post_res_nodes_mesh_nodes_t2020-12-25T18.npy
2020-12-26T09:00:00.000000000.nc,2020-12-26 09:00:00,2020-12-26 06:00:00,2020,1324,3.0,2121,0.051779698256921046,/share/prj-4d/graphcast_shared/data/graphcast_activation_2020/layer0008_mesh_gnn_post_res_nodes_mesh_nodes_t2020-12-26T06.npy
2020-12-26T10:00:00.000000000.nc,2020-12-26 10:00:00,2020-12-26 12:00:00,2020,1325,2.0,1802,0.04399199257848738,/share/prj-4d/graphcast_shared/data/graphcast_activation_2020/layer0008_mesh_gnn_post_res_nodes_mesh_nodes_t2020-12-26T12.npy
2020-12-30T19:00:00.000000000.nc,2020-12-30 19:00:00,2020-12-30 18:00:00,2020,1342,1.0,1572,0.03837703237146624,/share/prj-4d/graphcast_shared/data/graphcast_activation_2020/layer0008_mesh_gnn_post_res_nodes_mesh_nodes_t2020-12-30T18.npy
2020-12-31T07:00:00.000000000.nc,2020-12-31 07:00:00,2020-12-31 06:00:00,2020,1344,1.0,1905,0.04650651823641424,/share/prj-4d/graphcast_shared/data/graphcast_activation_2020/layer0008_mesh_gnn_post_res_nodes_mesh_nodes_t2020-12-31T06.npy
2020-12-31T09:00:00.000000000.nc,2020-12-31 09:00:00,2020-12-31 06:00:00,2020,1344,3.0,1388,0.03388506420584932,/share/prj-4d/graphcast_shared/data/graphcast_activation_2020/layer0008_mesh_gnn_post_res_nodes_mesh_nodes_t2020-12-31T06.npy
2021-01-03T05:00:00.000000000.nc,2021-01-03 05:00:00,2021-01-03 06:00:00,2021,1376,1.0,2355,0.05749230994580343,/share/prj-4d/graphcast_shared/data/graphcast_activation_2021/layer0015_mesh_gnn_post_res_nodes_mesh_nodes_t2021-01-03T06.npy
2021-01-03T20:00:00.000000000.nc,2021-01-03 20:00:00,2021-01-03 18:00:00,2021,1378,2.0,2811,0.06862457887798447,/share/prj-4d/graphcast_shared/data/graphcast_activation_2021/layer0008_mesh_gnn_post_res_nodes_mesh_nodes_t2021-01-03T18.npy
2021-01-05T23:00:00.000000000.nc,2021-01-05 23:00:00,2021-01-06 00:00:00,2021,1387,1.0,1260,0.03076021678628973,/share/prj-4d/graphcast_shared/data/graphcast_activation_2021/layer0008_mesh_gnn_post_res_nodes_mesh_nodes_t2021-01-06T00.npy
2021-01-07T23:00:00.000000000.nc,2021-01-07 23:00:00,2021-01-08 00:00:00,2021,1395,1.0,2226,0.054343049655778526,/share/prj-4d/graphcast_shared/data/graphcast_activation_2021/layer0008_mesh_gnn_post_res_nodes_mesh_nodes_t2021-01-08T00.npy
2021-01-10T16:00:00.000000000.nc,2021-01-10 16:00:00,2021-01-10 18:00:00,2021,1406,2.0,1991,0.04860602509643084,/share/prj-4d/graphcast_shared/data/graphcast_activation_2021/layer0008_mesh_gnn_post_res_nodes_mesh_nodes_t2021-01-10T18.npy
2021-01-14T01:00:00.000000000.nc,2021-01-14 01:00:00,2021-01-14 00:00:00,2021,1419,1.0,2924,0.07138323324056442,/share/prj-4d/graphcast_shared/data/graphcast_activation_2021/layer0008_mesh_gnn_post_res_nodes_mesh_nodes_t2021-01-14T00.npy
2021-01-14T05:00:00.000000000.nc,2021-01-14 05:00:00,2021-01-14 06:00:00,2021,1420,1.0,1640,0.04003710756310727,/share/prj-4d/graphcast_shared/data/graphcast_activation_2021/layer0008_mesh_gnn_post_res_nodes_mesh_nodes_t2021-01-14T06.npy
2021-01-14T22:00:00.000000000.nc,2021-01-14 22:00:00,2021-01-15 00:00:00,2021,1423,2.0,2456,0.059958009862799665,/share/prj-4d/graphcast_shared/data/graphcast_activation_2021/layer0008_mesh_gnn_post_res_nodes_mesh_nodes_t2021-01-15T00.npy
2021-01-17T21:00:00.000000000.nc,2021-01-17 21:00:00,2021-01-17 18:00:00,2021,1434,3.0,1700,0.04150187979102583,/share/prj-4d/graphcast_shared/data/graphcast_activation_2021/layer0008_mesh_gnn_post_res_nodes_mesh_nodes_t2021-01-17T18.npy
2021-01-18T16:00:00.000000000.nc,2021-01-18 16:00:00,2021-01-18 18:00:00,2021,1438,2.0,1195,0.029173380206044628,/share/prj-4d/graphcast_shared/data/graphcast_activation_2021/layer0008_mesh_gnn_post_res_nodes_mesh_nodes_t2021-01-18T18.npy
2021-01-22T21:00:00.000000000.nc,2021-01-22 21:00:00,2021-01-22 18:00:00,2021,1454,3.0,2210,0.05395244372833358,/share/prj-4d/graphcast_shared/data/graphcast_activation_2021/layer0008_mesh_gnn_post_res_nodes_mesh_nodes_t2021-01-22T18.npy
2021-01-24T14:00:00.000000000.nc,2021-01-24 14:00:00,2021-01-24 12:00:00,2021,1461,2.0,2431,0.05934768810116694,/share/prj-4d/graphcast_shared/data/graphcast_activation_2021/layer0008_mesh_gnn_post_res_nodes_mesh_nodes_t2021-01-24T12.npy
2021-01-25T17:00:00.000000000.nc,2021-01-25 17:00:00,2021-01-25 18:00:00,2021,1466,1.0,1242,0.030320785117914164,/share/prj-4d/graphcast_shared/data/graphcast_activation_2021/layer0008_mesh_gnn_post_res_nodes_mesh_nodes_t2021-01-25T18.npy
2021-01-27T01:00:00.000000000.nc,2021-01-27 01:00:00,2021-01-27 00:00:00,2021,1471,1.0,2744,0.06698891655680875,/share/prj-4d/graphcast_shared/data/graphcast_activation_2021/layer0008_mesh_gnn_post_res_nodes_mesh_nodes_t2021-01-27T00.npy
2021-01-27T12:00:00.000000000.nc,2021-01-27 12:00:00,2021-01-27 12:00:00,2021,1473,0.0,2157,0.05265856159367219,/share/prj-4d/graphcast_shared/data/graphcast_activation_2021/layer0008_mesh_gnn_post_res_nodes_mesh_nodes_t2021-01-27T12.npy
2021-01-27T13:00:00.000000000.nc,2021-01-27 13:00:00,2021-01-27 12:00:00,2021,1473,1.0,2450,0.05981153264000781,/share/prj-4d/graphcast_shared/data/graphcast_activation_2021/layer0008_mesh_gnn_post_res_nodes_mesh_nodes_t2021-01-27T12.npy
2021-01-29T02:00:00.000000000.nc,2021-01-29 02:00:00,2021-01-29 00:00:00,2021,1479,2.0,2139,0.05221912992529661,/share/prj-4d/graphcast_shared/data/graphcast_activation_2021/layer0008_mesh_gnn_post_res_nodes_mesh_nodes_t2021-01-29T00.npy
2021-02-01T04:00:00.000000000.nc,2021-02-01 04:00:00,2021-02-01 06:00:00,2021,1492,2.0,1137,0.027757433719056687,/share/prj-4d/graphcast_shared/data/graphcast_activation_2021/layer0008_mesh_gnn_post_res_nodes_mesh_nodes_t2021-02-01T06.npy
2021-02-02T03:00:00.000000000.nc,2021-02-02 03:00:00,2021-02-02 00:00:00,2021,1495,3.0,2350,0.05737024559347688,/share/prj-4d/graphcast_shared/data/graphcast_activation_2021/layer0008_mesh_gnn_post_res_nodes_mesh_nodes_t2021-02-02T00.npy
2021-02-03T19:00:00.000000000.nc,2021-02-03 19:00:00,2021-02-03 18:00:00,2021,1502,1.0,2254,0.05502661002880719,/share/prj-4d/graphcast_shared/data/graphcast_activation_2021/layer0008_mesh_gnn_post_res_nodes_mesh_nodes_t2021-02-03T18.npy
2021-02-06T15:00:00.000000000.nc,2021-02-06 15:00:00,2021-02-06 12:00:00,2021,1513,3.0,1374,0.03354328401933499,/share/prj-4d/graphcast_shared/data/graphcast_activation_2021/layer0008_mesh_gnn_post_res_nodes_mesh_nodes_t2021-02-06T12.npy
2021-02-09T05:00:00.000000000.nc,2021-02-09 05:00:00,2021-02-09 06:00:00,2021,1524,1.0,1186,0.028953664371856844,/share/prj-4d/graphcast_shared/data/graphcast_activation_2021/layer0008_mesh_gnn_post_res_nodes_mesh_nodes_t2021-02-09T06.npy
2021-02-09T17:00:00.000000000.nc,2021-02-09 17:00:00,2021-02-09 18:00:00,2021,1526,1.0,1941,0.047385381573165374,/share/prj-4d/graphcast_shared/data/graphcast_activation_2021/layer0008_mesh_gnn_post_res_nodes_mesh_nodes_t2021-02-09T18.npy
2021-02-10T06:00:00.000000000.nc,2021-02-10 06:00:00,2021-02-10 06:00:00,2021,1528,0.0,2118,0.05170645964552512,/share/prj-4d/graphcast_shared/data/graphcast_activation_2021/layer0008_mesh_gnn_post_res_nodes_mesh_nodes_t2021-02-10T06.npy
2021-02-10T12:00:00.000000000.nc,2021-02-10 12:00:00,2021-02-10 12:00:00,2021,1529,0.0,1722,0.042038962941262636,/share/prj-4d/graphcast_shared/data/graphcast_activation_2021/layer0008_mesh_gnn_post_res_nodes_mesh_nodes_t2021-02-10T12.npy
2021-02-10T18:00:00.000000000.nc,2021-02-10 18:00:00,2021-02-10 18:00:00,2021,1530,0.0,1297,0.031663492993506175,/share/prj-4d/graphcast_shared/data/graphcast_activation_2021/layer0008_mesh_gnn_post_res_nodes_mesh_nodes_t2021-02-10T18.npy
2021-02-11T11:00:00.000000000.nc,2021-02-11 11:00:00,2021-02-11 12:00:00,2021,1533,1.0,1820,0.044431424246862944,/share/prj-4d/graphcast_shared/data/graphcast_activation_2021/layer0008_mesh_gnn_post_res_nodes_mesh_nodes_t2021-02-11T12.npy
2021-02-12T05:00:00.000000000.nc,2021-02-12 05:00:00,2021-02-12 06:00:00,2021,1536,1.0,832,0.020311508227137346,/share/prj-4d/graphcast_shared/data/graphcast_activation_2021/layer0008_mesh_gnn_post_res_nodes_mesh_nodes_t2021-02-12T06.npy
2021-02-13T00:00:00.000000000.nc,2021-02-13 00:00:00,2021-02-13 00:00:00,2021,1539,0.0,1250,0.03051608808163664,/share/prj-4d/graphcast_shared/data/graphcast_activation_2021/layer0008_mesh_gnn_post_res_nodes_mesh_nodes_t2021-02-13T00.npy
2021-02-15T09:00:00.000000000.nc,2021-02-15 09:00:00,2021-02-15 06:00:00,2021,1548,3.0,1037,0.025316146672525755,/share/prj-4d/graphcast_shared/data/graphcast_activation_2021/layer0008_mesh_gnn_post_res_nodes_mesh_nodes_t2021-02-15T06.npy
2021-02-16T15:00:00.000000000.nc,2021-02-16 15:00:00,2021-02-16 12:00:00,2021,1553,3.0,1897,0.04631121527269176,/share/prj-4d/graphcast_shared/data/graphcast_activation_2021/layer0008_mesh_gnn_post_res_nodes_mesh_nodes_t2021-02-16T12.npy
2021-02-17T03:00:00.000000000.nc,2021-02-17 03:00:00,2021-02-17 00:00:00,2021,1555,3.0,3360,0.08202724476343928,/share/prj-4d/graphcast_shared/data/graphcast_activation_2021/layer0008_mesh_gnn_post_res_nodes_mesh_nodes_t2021-02-17T00.npy
2021-02-17T17:00:00.000000000.nc,2021-02-17 17:00:00,2021-02-17 18:00:00,2021,1558,1.0,2055,0.05016844880621064,/share/prj-4d/graphcast_shared/data/graphcast_activation_2021/layer0008_mesh_gnn_post_res_nodes_mesh_nodes_t2021-02-17T18.npy
2021-02-28T08:00:00.000000000.nc,2021-02-28 08:00:00,2021-02-28 06:00:00,2021,1600,2.0,2388,0.05829793467115864,/share/prj-4d/graphcast_shared/data/graphcast_activation_2021/layer0008_mesh_gnn_post_res_nodes_mesh_nodes_t2021-02-28T06.npy
2021-03-04T19:00:00.000000000.nc,2021-03-04 19:00:00,2021-03-04 18:00:00,2021,1618,1.0,956,0.023338704164835702,/share/prj-4d/graphcast_shared/data/graphcast_activation_2021/layer0008_mesh_gnn_post_res_nodes_mesh_nodes_t2021-03-04T18.npy
2021-03-06T11:00:00.000000000.nc,2021-03-06 11:00:00,2021-03-06 12:00:00,2021,1625,1.0,1218,0.02973487622674674,/share/prj-4d/graphcast_shared/data/graphcast_activation_2021/layer0008_mesh_gnn_post_res_nodes_mesh_nodes_t2021-03-06T12.npy
2021-03-10T06:00:00.000000000.nc,2021-03-10 06:00:00,2021-03-10 06:00:00,2021,1640,0.0,1507,0.036790195791221135,/share/prj-4d/graphcast_shared/data/graphcast_activation_2021/layer0008_mesh_gnn_post_res_nodes_mesh_nodes_t2021-03-10T06.npy
2021-03-11T00:00:00.000000000.nc,2021-03-11 00:00:00,2021-03-11 00:00:00,2021,1643,0.0,2120,0.05175528538645574,/share/prj-4d/graphcast_shared/data/graphcast_activation_2021/layer0008_mesh_gnn_post_res_nodes_mesh_nodes_t2021-03-11T00.npy
2021-03-12T00:00:00.000000000.nc,2021-03-12 00:00:00,2021-03-12 00:00:00,2021,1647,0.0,2136,0.05214589131390069,/share/prj-4d/graphcast_shared/data/graphcast_activation_2021/layer0008_mesh_gnn_post_res_nodes_mesh_nodes_t2021-03-12T00.npy
2021-03-14T05:00:00.000000000.nc,2021-03-14 05:00:00,2021-03-14 06:00:00,2021,1656,1.0,1226,0.029930179190469215,/share/prj-4d/graphcast_shared/data/graphcast_activation_2021/layer0008_mesh_gnn_post_res_nodes_mesh_nodes_t2021-03-14T06.npy
2021-03-15T20:00:00.000000000.nc,2021-03-15 20:00:00,2021-03-15 18:00:00,2021,1662,2.0,1466,0.03578926810214345,/share/prj-4d/graphcast_shared/data/graphcast_activation_2021/layer0008_mesh_gnn_post_res_nodes_mesh_nodes_t2021-03-15T18.npy
2021-03-16T00:00:00.000000000.nc,2021-03-16 00:00:00,2021-03-16 00:00:00,2021,1663,0.0,1992,0.048630437966896145,/share/prj-4d/graphcast_shared/data/graphcast_activation_2021/layer0008_mesh_gnn_post_res_nodes_mesh_nodes_t2021-03-16T00.npy
2021-03-16T08:00:00.000000000.nc,2021-03-16 08:00:00,2021-03-16 06:00:00,2021,1664,2.0,1575,0.03845027098286217,/share/prj-4d/graphcast_shared/data/graphcast_activation_2021/layer0008_mesh_gnn_post_res_nodes_mesh_nodes_t2021-03-16T06.npy
2021-03-17T03:00:00.000000000.nc,2021-03-17 03:00:00,2021-03-17 00:00:00,2021,1667,3.0,2474,0.06039744153117524,/share/prj-4d/graphcast_shared/data/graphcast_activation_2021/layer0008_mesh_gnn_post_res_nodes_mesh_nodes_t2021-03-17T00.npy
2021-03-18T01:00:00.000000000.nc,2021-03-18 01:00:00,2021-03-18 00:00:00,2021,1671,1.0,1213,0.029612811874420195,/share/prj-4d/graphcast_shared/data/graphcast_activation_2021/layer0008_mesh_gnn_post_res_nodes_mesh_nodes_t2021-03-18T00.npy
2021-03-23T04:00:00.000000000.nc,2021-03-23 04:00:00,2021-03-23 06:00:00,2021,1692,2.0,1991,0.04860602509643084,/share/prj-4d/graphcast_shared/data/graphcast_activation_2021/layer0008_mesh_gnn_post_res_nodes_mesh_nodes_t2021-03-23T06.npy
2021-03-26T08:00:00.000000000.nc,2021-03-26 08:00:00,2021-03-26 06:00:00,2021,1704,2.0,1246,0.030418436599775403,/share/prj-4d/graphcast_shared/data/graphcast_activation_2021/layer0008_mesh_gnn_post_res_nodes_mesh_nodes_t2021-03-26T06.npy
2021-03-26T09:00:00.000000000.nc,2021-03-26 09:00:00,2021-03-26 06:00:00,2021,1704,3.0,758,0.01850495581270446,/share/prj-4d/graphcast_shared/data/graphcast_activation_2021/layer0008_mesh_gnn_post_res_nodes_mesh_nodes_t2021-03-26T06.npy
2021-03-28T11:00:00.000000000.nc,2021-03-28 11:00:00,2021-03-28 12:00:00,2021,1713,1.0,1368,0.03339680679654314,/share/prj-4d/graphcast_shared/data/graphcast_activation_2021/layer0008_mesh_gnn_post_res_nodes_mesh_nodes_t2021-03-28T12.npy
2021-03-28T15:00:00.000000000.nc,2021-03-28 15:00:00,2021-03-28 12:00:00,2021,1713,3.0,1138,0.027781846589521996,/share/prj-4d/graphcast_shared/data/graphcast_activation_2021/layer0008_mesh_gnn_post_res_nodes_mesh_nodes_t2021-03-28T12.npy
2021-03-30T08:00:00.000000000.nc,2021-03-30 08:00:00,2021-03-30 06:00:00,2021,1720,2.0,2941,0.07179825203847469,/share/prj-4d/graphcast_shared/data/graphcast_activation_2021/layer0008_mesh_gnn_post_res_nodes_mesh_nodes_t2021-03-30T06.npy
2021-04-04T01:00:00.000000000.nc,2021-04-04 01:00:00,2021-04-04 00:00:00,2021,1739,1.0,1821,0.044455837117328256,/share/prj-4d/graphcast_shared/data/graphcast_activation_2021/layer0008_mesh_gnn_post_res_nodes_mesh_nodes_t2021-04-04T00.npy
2021-04-04T05:00:00.000000000.nc,2021-04-04 05:00:00,2021-04-04 06:00:00,2021,1740,1.0,1094,0.026707680289048387,/share/prj-4d/graphcast_shared/data/graphcast_activation_2021/layer0008_mesh_gnn_post_res_nodes_mesh_nodes_t2021-04-04T06.npy
2021-04-08T16:00:00.000000000.nc,2021-04-08 16:00:00,2021-04-08 18:00:00,2021,1758,2.0,2643,0.0645232166398125,/share/prj-4d/graphcast_shared/data/graphcast_activation_2021/layer0008_mesh_gnn_post_res_nodes_mesh_nodes_t2021-04-08T18.npy
2021-04-08T19:00:00.000000000.nc,2021-04-08 19:00:00,2021-04-08 18:00:00,2021,1758,1.0,1262,0.03080904252722035,/share/prj-4d/graphcast_shared/data/graphcast_activation_2021/layer0008_mesh_gnn_post_res_nodes_mesh_nodes_t2021-04-08T18.npy
2021-04-09T00:00:00.000000000.nc,2021-04-09 00:00:00,2021-04-09 00:00:00,2021,1759,0.0,2304,0.056247253552072655,/share/prj-4d/graphcast_shared/data/graphcast_activation_2021/layer0008_mesh_gnn_post_res_nodes_mesh_nodes_t2021-04-09T00.npy
2021-04-09T07:00:00.000000000.nc,2021-04-09 07:00:00,2021-04-09 06:00:00,2021,1760,1.0,1207,0.02946633465162834,/share/prj-4d/graphcast_shared/data/graphcast_activation_2021/layer0008_mesh_gnn_post_res_nodes_mesh_nodes_t2021-04-09T06.npy
2021-04-10T01:00:00.000000000.nc,2021-04-10 01:00:00,2021-04-10 00:00:00,2021,1763,1.0,1014,0.02475465065182364,/share/prj-4d/graphcast_shared/data/graphcast_activation_2021/layer0008_mesh_gnn_post_res_nodes_mesh_nodes_t2021-04-10T00.npy
2021-04-10T13:00:00.000000000.nc,2021-04-10 13:00:00,2021-04-10 12:00:00,2021,1765,1.0,2127,0.051926175479712906,/share/prj-4d/graphcast_shared/data/graphcast_activation_2021/layer0008_mesh_gnn_post_res_nodes_mesh_nodes_t2021-04-10T12.npy
2021-04-14T06:00:00.000000000.nc,2021-04-14 06:00:00,2021-04-14 06:00:00,2021,1780,0.0,1548,0.03779112348029881,/share/prj-4d/graphcast_shared/data/graphcast_activation_2021/layer0008_mesh_gnn_post_res_nodes_mesh_nodes_t2021-04-14T06.npy
2021-04-14T08:00:00.000000000.nc,2021-04-14 08:00:00,2021-04-14 06:00:00,2021,1780,2.0,2300,0.05614960207021141,/share/prj-4d/graphcast_shared/data/graphcast_activation_2021/layer0008_mesh_gnn_post_res_nodes_mesh_nodes_t2021-04-14T06.npy
2021-04-14T22:00:00.000000000.nc,2021-04-14 22:00:00,2021-04-15 00:00:00,2021,1783,2.0,1701,0.04152629266149114,/share/prj-4d/graphcast_shared/data/graphcast_activation_2021/layer0008_mesh_gnn_post_res_nodes_mesh_nodes_t2021-04-15T00.npy
2021-04-18T00:00:00.000000000.nc,2021-04-18 00:00:00,2021-04-18 00:00:00,2021,1795,0.0,2390,0.058346760412089256,/share/prj-4d/graphcast_shared/data/graphcast_activation_2021/layer0008_mesh_gnn_post_res_nodes_mesh_nodes_t2021-04-18T00.npy
2021-04-19T04:00:00.000000000.nc,2021-04-19 04:00:00,2021-04-19 06:00:00,2021,1800,2.0,1399,0.034153605780967725,/share/prj-4d/graphcast_shared/data/graphcast_activation_2021/layer0008_mesh_gnn_post_res_nodes_mesh_nodes_t2021-04-19T06.npy
2021-04-19T18:00:00.000000000.nc,2021-04-19 18:00:00,2021-04-19 18:00:00,2021,1802,0.0,1513,0.03693667301401299,/share/prj-4d/graphcast_shared/data/graphcast_activation_2021/layer0008_mesh_gnn_post_res_nodes_mesh_nodes_t2021-04-19T18.npy
2021-04-20T05:00:00.000000000.nc,2021-04-20 05:00:00,2021-04-20 06:00:00,2021,1804,1.0,1651,0.04030564913822567,/share/prj-4d/graphcast_shared/data/graphcast_activation_2021/layer0008_mesh_gnn_post_res_nodes_mesh_nodes_t2021-04-20T06.npy
2021-04-20T21:00:00.000000000.nc,2021-04-20 21:00:00,2021-04-20 18:00:00,2021,1806,3.0,704,0.017186660807577754,/share/prj-4d/graphcast_shared/data/graphcast_activation_2021/layer0008_mesh_gnn_post_res_nodes_mesh_nodes_t2021-04-20T18.npy
2021-04-29T16:00:00.000000000.nc,2021-04-29 16:00:00,2021-04-29 18:00:00,2021,1842,2.0,1278,0.0311996484546653,/share/prj-4d/graphcast_shared/data/graphcast_activation_2021/layer0008_mesh_gnn_post_res_nodes_mesh_nodes_t2021-04-29T18.npy
2021-04-30T13:00:00.000000000.nc,2021-04-30 13:00:00,2021-04-30 12:00:00,2021,1845,1.0,1760,0.04296665201894439,/share/prj-4d/graphcast_shared/data/graphcast_activation_2021/layer0008_mesh_gnn_post_res_nodes_mesh_nodes_t2021-04-30T12.npy
2021-04-30T18:00:00.000000000.nc,2021-04-30 18:00:00,2021-04-30 18:00:00,2021,1846,0.0,1547,0.037766710609833505,/share/prj-4d/graphcast_shared/data/graphcast_activation_2021/layer0008_mesh_gnn_post_res_nodes_mesh_nodes_t2021-04-30T18.npy
2021-04-30T23:00:00.000000000.nc,2021-04-30 23:00:00,2021-05-01 00:00:00,2021,1847,1.0,2074,0.05063229334505151,/share/prj-4d/graphcast_shared/data/graphcast_activation_2021/layer0008_mesh_gnn_post_res_nodes_mesh_nodes_t2021-05-01T00.npy
2021-05-02T22:00:00.000000000.nc,2021-05-02 22:00:00,2021-05-03 00:00:00,2021,1855,2.0,2123,0.05182852399785167,/share/prj-4d/graphcast_shared/data/graphcast_activation_2021/layer0008_mesh_gnn_post_res_nodes_mesh_nodes_t2021-05-03T00.npy
2021-05-03T21:00:00.000000000.nc,2021-05-03 21:00:00,2021-05-03 18:00:00,2021,1858,3.0,2270,0.05541721595625214,/share/prj-4d/graphcast_shared/data/graphcast_activation_2021/layer0008_mesh_gnn_post_res_nodes_mesh_nodes_t2021-05-03T18.npy
2021-05-04T22:00:00.000000000.nc,2021-05-04 22:00:00,2021-05-05 00:00:00,2021,1863,2.0,1815,0.0443093598945364,/share/prj-4d/graphcast_shared/data/graphcast_activation_2021/layer0008_mesh_gnn_post_res_nodes_mesh_nodes_t2021-05-05T00.npy
2021-05-06T03:00:00.000000000.nc,2021-05-06 03:00:00,2021-05-06 00:00:00,2021,1867,3.0,2168,0.05292710316879059,/share/prj-4d/graphcast_shared/data/graphcast_activation_2021/layer0008_mesh_gnn_post_res_nodes_mesh_nodes_t2021-05-06T00.npy
2021-05-07T06:00:00.000000000.nc,2021-05-07 06:00:00,2021-05-07 06:00:00,2021,1872,0.0,1785,0.04357697378057712,/share/prj-4d/graphcast_shared/data/graphcast_activation_2021/layer0008_mesh_gnn_post_res_nodes_mesh_nodes_t2021-05-07T06.npy
2021-05-10T04:00:00.000000000.nc,2021-05-10 04:00:00,2021-05-10 06:00:00,2021,1884,2.0,1823,0.044504662858258874,/share/prj-4d/graphcast_shared/data/graphcast_activation_2021/layer0008_mesh_gnn_post_res_nodes_mesh_nodes_t2021-05-10T06.npy
2021-05-10T13:00:00.000000000.nc,2021-05-10 13:00:00,2021-05-10 12:00:00,2021,1885,1.0,2445,0.05968946828768126,/share/prj-4d/graphcast_shared/data/graphcast_activation_2021/layer0008_mesh_gnn_post_res_nodes_mesh_nodes_t2021-05-10T12.npy
2021-05-10T14:00:00.000000000.nc,2021-05-10 14:00:00,2021-05-10 12:00:00,2021,1885,2.0,1228,0.029979004931399832,/share/prj-4d/graphcast_shared/data/graphcast_activation_2021/layer0008_mesh_gnn_post_res_nodes_mesh_nodes_t2021-05-10T12.npy
2021-05-12T17:00:00.000000000.nc,2021-05-12 17:00:00,2021-05-12 18:00:00,2021,1894,1.0,2386,0.058249108930228014,/share/prj-4d/graphcast_shared/data/graphcast_activation_2021/layer0008_mesh_gnn_post_res_nodes_mesh_nodes_t2021-05-12T18.npy
2021-05-13T17:00:00.000000000.nc,2021-05-13 17:00:00,2021-05-13 18:00:00,2021,1898,1.0,1107,0.027025047605097406,/share/prj-4d/graphcast_shared/data/graphcast_activation_2021/layer0008_mesh_gnn_post_res_nodes_mesh_nodes_t2021-05-13T18.npy
2021-05-14T23:00:00.000000000.nc,2021-05-14 23:00:00,2021-05-15 00:00:00,2021,1903,1.0,1982,0.048386309262243056,/share/prj-4d/graphcast_shared/data/graphcast_activation_2021/layer0008_mesh_gnn_post_res_nodes_mesh_nodes_t2021-05-15T00.npy
2021-05-16T20:00:00.000000000.nc,2021-05-16 20:00:00,2021-05-16 18:00:00,2021,1910,2.0,1627,0.03971974024705825,/share/prj-4d/graphcast_shared/data/graphcast_activation_2021/layer0008_mesh_gnn_post_res_nodes_mesh_nodes_t2021-05-16T18.npy
2021-05-18T17:00:00.000000000.nc,2021-05-18 17:00:00,2021-05-18 18:00:00,2021,1918,1.0,2620,0.0639617206191104,/share/prj-4d/graphcast_shared/data/graphcast_activation_2021/layer0008_mesh_gnn_post_res_nodes_mesh_nodes_t2021-05-18T18.npy
2021-05-20T13:00:00.000000000.nc,2021-05-20 13:00:00,2021-05-20 12:00:00,2021,1925,1.0,2132,0.052048239832039454,/share/prj-4d/graphcast_shared/data/graphcast_activation_2021/layer0008_mesh_gnn_post_res_nodes_mesh_nodes_t2021-05-20T12.npy
2021-05-20T18:00:00.000000000.nc,2021-05-20 18:00:00,2021-05-20 18:00:00,2021,1926,0.0,1350,0.03295737512816757,/share/prj-4d/graphcast_shared/data/graphcast_activation_2021/layer0008_mesh_gnn_post_res_nodes_mesh_nodes_t2021-05-20T18.npy
2021-05-25T00:00:00.000000000.nc,2021-05-25 00:00:00,2021-05-25 00:00:00,2021,1943,0.0,2822,0.06889312045310288,/share/prj-4d/graphcast_shared/data/graphcast_activation_2021/layer0008_mesh_gnn_post_res_nodes_mesh_nodes_t2021-05-25T00.npy
2021-05-25T23:00:00.000000000.nc,2021-05-25 23:00:00,2021-05-26 00:00:00,2021,1947,1.0,1520,0.037107563107270154,/share/prj-4d/graphcast_shared/data/graphcast_activation_2021/layer0008_mesh_gnn_post_res_nodes_mesh_nodes_t2021-05-26T00.npy
2021-05-26T01:00:00.000000000.nc,2021-05-26 01:00:00,2021-05-26 00:00:00,2021,1947,1.0,1624,0.03964650163566232,/share/prj-4d/graphcast_shared/data/graphcast_activation_2021/layer0008_mesh_gnn_post_res_nodes_mesh_nodes_t2021-05-26T00.npy
2021-05-26T05:00:00.000000000.nc,2021-05-26 05:00:00,2021-05-26 06:00:00,2021,1948,1.0,2790,0.06811190859821298,/share/prj-4d/graphcast_shared/data/graphcast_activation_2021/layer0008_mesh_gnn_post_res_nodes_mesh_nodes_t2021-05-26T06.npy
2021-05-26T07:00:00.000000000.nc,2021-05-26 07:00:00,2021-05-26 06:00:00,2021,1948,1.0,2207,0.053879205116937647,/share/prj-4d/graphcast_shared/data/graphcast_activation_2021/layer0008_mesh_gnn_post_res_nodes_mesh_nodes_t2021-05-26T06.npy
2021-05-26T21:00:00.000000000.nc,2021-05-26 21:00:00,2021-05-26 18:00:00,2021,1950,3.0,3155,0.07702260631805087,/share/prj-4d/graphcast_shared/data/graphcast_activation_2021/layer0008_mesh_gnn_post_res_nodes_mesh_nodes_t2021-05-26T18.npy
2021-05-29T16:00:00.000000000.nc,2021-05-29 16:00:00,2021-05-29 18:00:00,2021,1962,2.0,3238,0.07904887456667155,/share/prj-4d/graphcast_shared/data/graphcast_activation_2021/layer0008_mesh_gnn_post_res_nodes_mesh_nodes_t2021-05-29T18.npy
2021-05-30T07:00:00.000000000.nc,2021-05-30 07:00:00,2021-05-30 06:00:00,2021,1964,1.0,1590,0.038816464039841805,/share/prj-4d/graphcast_shared/data/graphcast_activation_2021/layer0008_mesh_gnn_post_res_nodes_mesh_nodes_t2021-05-30T06.npy
2021-05-31T23:00:00.000000000.nc,2021-05-31 23:00:00,2021-06-01 00:00:00,2021,1971,1.0,2729,0.0666227234998291,/share/prj-4d/graphcast_shared/data/graphcast_activation_2021/layer0008_mesh_gnn_post_res_nodes_mesh_nodes_t2021-06-01T00.npy
2021-06-03T07:00:00.000000000.nc,2021-06-03 07:00:00,2021-06-03 06:00:00,2021,1980,1.0,2344,0.057223768370685026,/share/prj-4d/graphcast_shared/data/graphcast_activation_2021/layer0008_mesh_gnn_post_res_nodes_mesh_nodes_t2021-06-03T06.npy
2021-06-03T11:00:00.000000000.nc,2021-06-03 11:00:00,2021-06-03 12:00:00,2021,1981,1.0,1174,0.02866070992627313,/share/prj-4d/graphcast_shared/data/graphcast_activation_2021/layer0008_mesh_gnn_post_res_nodes_mesh_nodes_t2021-06-03T12.npy
2021-06-04T03:00:00.000000000.nc,2021-06-04 03:00:00,2021-06-04 00:00:00,2021,1983,3.0,2411,0.05885943069186075,/share/prj-4d/graphcast_shared/data/graphcast_activation_2021/layer0008_mesh_gnn_post_res_nodes_mesh_nodes_t2021-06-04T00.npy
2021-06-06T14:00:00.000000000.nc,2021-06-06 14:00:00,2021-06-06 12:00:00,2021,1993,2.0,2477,0.06047068014257116,/share/prj-4d/graphcast_shared/data/graphcast_activation_2021/layer0008_mesh_gnn_post_res_nodes_mesh_nodes_t2021-06-06T12.npy
2021-06-07T15:00:00.000000000.nc,2021-06-07 15:00:00,2021-06-07 12:00:00,2021,1997,3.0,946,0.02309457546018261,/share/prj-4d/graphcast_shared/data/graphcast_activation_2021/layer0008_mesh_gnn_post_res_nodes_mesh_nodes_t2021-06-07T12.npy
2021-06-12T17:00:00.000000000.nc,2021-06-12 17:00:00,2021-06-12 18:00:00,2021,2018,1.0,1634,0.03989063034031541,/share/prj-4d/graphcast_shared/data/graphcast_activation_2021/layer0008_mesh_gnn_post_res_nodes_mesh_nodes_t2021-06-12T18.npy
2021-06-13T01:00:00.000000000.nc,2021-06-13 01:00:00,2021-06-13 00:00:00,2021,2019,1.0,1426,0.034812753283531075,/share/prj-4d/graphcast_shared/data/graphcast_activation_2021/layer0008_mesh_gnn_post_res_nodes_mesh_nodes_t2021-06-13T00.npy
2021-06-14T07:00:00.000000000.nc,2021-06-14 07:00:00,2021-06-14 06:00:00,2021,2024,1.0,1621,0.03957326302426639,/share/prj-4d/graphcast_shared/data/graphcast_activation_2021/layer0008_mesh_gnn_post_res_nodes_mesh_nodes_t2021-06-14T06.npy
2021-06-14T22:00:00.000000000.nc,2021-06-14 22:00:00,2021-06-15 00:00:00,2021,2027,2.0,2070,0.050534641863190274,/share/prj-4d/graphcast_shared/data/graphcast_activation_2021/layer0008_mesh_gnn_post_res_nodes_mesh_nodes_t2021-06-15T00.npy
2021-06-16T05:00:00.000000000.nc,2021-06-16 05:00:00,2021-06-16 06:00:00,2021,2032,1.0,3168,0.0773399736340999,/share/prj-4d/graphcast_shared/data/graphcast_activation_2021/layer0008_mesh_gnn_post_res_nodes_mesh_nodes_t2021-06-16T06.npy
2021-06-16T13:00:00.000000000.nc,2021-06-16 13:00:00,2021-06-16 12:00:00,2021,2033,1.0,2051,0.050070797324349395,/share/prj-4d/graphcast_shared/data/graphcast_activation_2021/layer0008_mesh_gnn_post_res_nodes_mesh_nodes_t2021-06-16T12.npy
2021-06-16T23:00:00.000000000.nc,2021-06-16 23:00:00,2021-06-17 00:00:00,2021,2035,1.0,2142,0.05229236853669254,/share/prj-4d/graphcast_shared/data/graphcast_activation_2021/layer0008_mesh_gnn_post_res_nodes_mesh_nodes_t2021-06-17T00.npy
2021-06-22T19:00:00.000000000.nc,2021-06-22 19:00:00,2021-06-22 18:00:00,2021,2058,1.0,1687,0.04118451247497681,/share/prj-4d/graphcast_shared/data/graphcast_activation_2021/layer0008_mesh_gnn_post_res_nodes_mesh_nodes_t2021-06-22T18.npy
2021-06-23T21:00:00.000000000.nc,2021-06-23 21:00:00,2021-06-23 18:00:00,2021,2062,3.0,1805,0.04406523118988331,/share/prj-4d/graphcast_shared/data/graphcast_activation_2021/layer0008_mesh_gnn_post_res_nodes_mesh_nodes_t2021-06-23T18.npy
2021-06-25T10:00:00.000000000.nc,2021-06-25 10:00:00,2021-06-25 12:00:00,2021,2069,2.0,1902,0.04643327962501831,/share/prj-4d/graphcast_shared/data/graphcast_activation_2021/layer0008_mesh_gnn_post_res_nodes_mesh_nodes_t2021-06-25T12.npy
2021-06-26T08:00:00.000000000.nc,2021-06-26 08:00:00,2021-06-26 06:00:00,2021,2072,2.0,2370,0.057858503002783064,/share/prj-4d/graphcast_shared/data/graphcast_activation_2021/layer0008_mesh_gnn_post_res_nodes_mesh_nodes_t2021-06-26T06.npy
2021-06-30T00:00:00.000000000.nc,2021-06-30 00:00:00,2021-06-30 00:00:00,2021,2087,0.0,1151,0.028099213905571015,/share/prj-4d/graphcast_shared/data/graphcast_activation_2021/layer0008_mesh_gnn_post_res_nodes_mesh_nodes_t2021-06-30T00.npy
2021-07-01T22:00:00.000000000.nc,2021-07-01 22:00:00,2021-07-02 00:00:00,2021,2095,2.0,755,0.01843171720130853,/share/prj-4d/graphcast_shared/data/graphcast_activation_2021/layer0008_mesh_gnn_post_res_nodes_mesh_nodes_t2021-07-02T00.npy
2021-07-02T03:00:00.000000000.nc,2021-07-02 03:00:00,2021-07-02 00:00:00,2021,2095,3.0,1435,0.03503246911771886,/share/prj-4d/graphcast_shared/data/graphcast_activation_2021/layer0008_mesh_gnn_post_res_nodes_mesh_nodes_t2021-07-02T00.npy
2021-07-02T09:00:00.000000000.nc,2021-07-02 09:00:00,2021-07-02 06:00:00,2021,2096,3.0,2675,0.0653044284947024,/share/prj-4d/graphcast_shared/data/graphcast_activation_2021/layer0008_mesh_gnn_post_res_nodes_mesh_nodes_t2021-07-02T06.npy
2021-07-03T01:00:00.000000000.nc,2021-07-03 01:00:00,2021-07-03 00:00:00,2021,2099,1.0,2191,0.0534885991894927,/share/prj-4d/graphcast_shared/data/graphcast_activation_2021/layer0008_mesh_gnn_post_res_nodes_mesh_nodes_t2021-07-03T00.npy
2021-07-05T16:00:00.000000000.nc,2021-07-05 16:00:00,2021-07-05 18:00:00,2021,2110,2.0,1094,0.026707680289048387,/share/prj-4d/graphcast_shared/data/graphcast_activation_2021/layer0008_mesh_gnn_post_res_nodes_mesh_nodes_t2021-07-05T18.npy
2021-07-05T22:00:00.000000000.nc,2021-07-05 22:00:00,2021-07-06 00:00:00,2021,2111,2.0,1304,0.03183438308676334,/share/prj-4d/graphcast_shared/data/graphcast_activation_2021/layer0008_mesh_gnn_post_res_nodes_mesh_nodes_t2021-07-06T00.npy
2021-07-06T11:00:00.000000000.nc,2021-07-06 11:00:00,2021-07-06 12:00:00,2021,2113,1.0,1596,0.03896294126263366,/share/prj-4d/graphcast_shared/data/graphcast_activation_2021/layer0008_mesh_gnn_post_res_nodes_mesh_nodes_t2021-07-06T12.npy
2021-07-08T03:00:00.000000000.nc,2021-07-08 03:00:00,2021-07-08 00:00:00,2021,2119,3.0,1799,0.04391875396709145,/share/prj-4d/graphcast_shared/data/graphcast_activation_2021/layer0008_mesh_gnn_post_res_nodes_mesh_nodes_t2021-07-08T00.npy
2021-07-09T05:00:00.000000000.nc,2021-07-09 05:00:00,2021-07-09 06:00:00,2021,2124,1.0,2286,0.05580782188369709,/share/prj-4d/graphcast_shared/data/graphcast_activation_2021/layer0008_mesh_gnn_post_res_nodes_mesh_nodes_t2021-07-09T06.npy
2021-07-11T00:00:00.000000000.nc,2021-07-11 00:00:00,2021-07-11 00:00:00,2021,2131,0.0,1507,0.036790195791221135,/share/prj-4d/graphcast_shared/data/graphcast_activation_2021/layer0008_mesh_gnn_post_res_nodes_mesh_nodes_t2021-07-11T00.npy
2021-07-11T13:00:00.000000000.nc,2021-07-11 13:00:00,2021-07-11 12:00:00,2021,2133,1.0,1225,0.029905766320003906,/share/prj-4d/graphcast_shared/data/graphcast_activation_2021/layer0008_mesh_gnn_post_res_nodes_mesh_nodes_t2021-07-11T12.npy
2021-07-15T07:00:00.000000000.nc,2021-07-15 07:00:00,2021-07-15 06:00:00,2021,2148,1.0,2188,0.053415360578096774,/share/prj-4d/graphcast_shared/data/graphcast_activation_2021/layer0008_mesh_gnn_post_res_nodes_mesh_nodes_t2021-07-15T06.npy
2021-07-17T11:00:00.000000000.nc,2021-07-17 11:00:00,2021-07-17 12:00:00,2021,2157,1.0,2233,0.05451393974903569,/share/prj-4d/graphcast_shared/data/graphcast_activation_2021/layer0008_mesh_gnn_post_res_nodes_mesh_nodes_t2021-07-17T12.npy
2021-07-18T02:00:00.000000000.nc,2021-07-18 02:00:00,2021-07-18 00:00:00,2021,2159,2.0,905,0.022093647771104927,/share/prj-4d/graphcast_shared/data/graphcast_activation_2021/layer0008_mesh_gnn_post_res_nodes_mesh_nodes_t2021-07-18T00.npy
2021-07-18T08:00:00.000000000.nc,2021-07-18 08:00:00,2021-07-18 06:00:00,2021,2160,2.0,1720,0.04199013720033201,/share/prj-4d/graphcast_shared/data/graphcast_activation_2021/layer0008_mesh_gnn_post_res_nodes_mesh_nodes_t2021-07-18T06.npy
2021-07-18T21:00:00.000000000.nc,2021-07-18 21:00:00,2021-07-18 18:00:00,2021,2162,3.0,1149,0.028050388164640398,/share/prj-4d/graphcast_shared/data/graphcast_activation_2021/layer0008_mesh_gnn_post_res_nodes_mesh_nodes_t2021-07-18T18.npy
2021-07-20T22:00:00.000000000.nc,2021-07-20 22:00:00,2021-07-21 00:00:00,2021,2171,2.0,1992,0.048630437966896145,/share/prj-4d/graphcast_shared/data/graphcast_activation_2021/layer0008_mesh_gnn_post_res_nodes_mesh_nodes_t2021-07-21T00.npy
2021-07-21T03:00:00.000000000.nc,2021-07-21 03:00:00,2021-07-21 00:00:00,2021,2171,3.0,1883,0.045969435086177436,/share/prj-4d/graphcast_shared/data/graphcast_activation_2021/layer0008_mesh_gnn_post_res_nodes_mesh_nodes_t2021-07-21T00.npy
2021-07-23T00:00:00.000000000.nc,2021-07-23 00:00:00,2021-07-23 00:00:00,2021,2179,0.0,1078,0.026317074361603437,/share/prj-4d/graphcast_shared/data/graphcast_activation_2021/layer0008_mesh_gnn_post_res_nodes_mesh_nodes_t2021-07-23T00.npy
2021-07-24T14:00:00.000000000.nc,2021-07-24 14:00:00,2021-07-24 12:00:00,2021,2185,2.0,1311,0.032005273180020506,/share/prj-4d/graphcast_shared/data/graphcast_activation_2021/layer0008_mesh_gnn_post_res_nodes_mesh_nodes_t2021-07-24T12.npy
2021-07-27T17:00:00.000000000.nc,2021-07-27 17:00:00,2021-07-27 18:00:00,2021,2198,1.0,1786,0.04360138665104243,/share/prj-4d/graphcast_shared/data/graphcast_activation_2021/layer0008_mesh_gnn_post_res_nodes_mesh_nodes_t2021-07-27T18.npy
2021-07-29T02:00:00.000000000.nc,2021-07-29 02:00:00,2021-07-29 00:00:00,2021,2203,2.0,1761,0.042991064889409694,/share/prj-4d/graphcast_shared/data/graphcast_activation_2021/layer0008_mesh_gnn_post_res_nodes_mesh_nodes_t2021-07-29T00.npy
2021-07-31T22:00:00.000000000.nc,2021-07-31 22:00:00,2021-08-01 00:00:00,2021,2215,2.0,1877,0.045822957863385576,/share/prj-4d/graphcast_shared/data/graphcast_activation_2021/layer0008_mesh_gnn_post_res_nodes_mesh_nodes_t2021-08-01T00.npy
2021-08-02T17:00:00.000000000.nc,2021-08-02 17:00:00,2021-08-02 18:00:00,2021,2222,1.0,2231,0.054465114008105074,/share/prj-4d/graphcast_shared/data/graphcast_activation_2021/layer0008_mesh_gnn_post_res_nodes_mesh_nodes_t2021-08-02T18.npy
2021-08-03T04:00:00.000000000.nc,2021-08-03 04:00:00,2021-08-03 06:00:00,2021,2224,2.0,1441,0.03517894634051072,/share/prj-4d/graphcast_shared/data/graphcast_activation_2021/layer0008_mesh_gnn_post_res_nodes_mesh_nodes_t2021-08-03T06.npy
2021-08-03T05:00:00.000000000.nc,2021-08-03 05:00:00,2021-08-03 06:00:00,2021,2224,1.0,1802,0.04399199257848738,/share/prj-4d/graphcast_shared/data/graphcast_activation_2021/layer0008_mesh_gnn_post_res_nodes_mesh_nodes_t2021-08-03T06.npy
2021-08-06T17:00:00.000000000.nc,2021-08-06 17:00:00,2021-08-06 18:00:00,2021,2238,1.0,1854,0.04526146184268346,/share/prj-4d/graphcast_shared/data/graphcast_activation_2021/layer0008_mesh_gnn_post_res_nodes_mesh_nodes_t2021-08-06T18.npy
2021-08-06T20:00:00.000000000.nc,2021-08-06 20:00:00,2021-08-06 18:00:00,2021,2238,2.0,1666,0.04067184219520531,/share/prj-4d/graphcast_shared/data/graphcast_activation_2021/layer0008_mesh_gnn_post_res_nodes_mesh_nodes_t2021-08-06T18.npy
2021-08-08T01:00:00.000000000.nc,2021-08-08 01:00:00,2021-08-08 00:00:00,2021,2243,1.0,992,0.024217567501586837,/share/prj-4d/graphcast_shared/data/graphcast_activation_2021/layer0008_mesh_gnn_post_res_nodes_mesh_nodes_t2021-08-08T00.npy
2021-08-08T07:00:00.000000000.nc,2021-08-08 07:00:00,2021-08-08 06:00:00,2021,2244,1.0,1140,0.027830672330452614,/share/prj-4d/graphcast_shared/data/graphcast_activation_2021/layer0008_mesh_gnn_post_res_nodes_mesh_nodes_t2021-08-08T06.npy
2021-08-08T09:00:00.000000000.nc,2021-08-08 09:00:00,2021-08-08 06:00:00,2021,2244,3.0,1073,0.02619501000927689,/share/prj-4d/graphcast_shared/data/graphcast_activation_2021/layer0008_mesh_gnn_post_res_nodes_mesh_nodes_t2021-08-08T06.npy
2021-08-11T06:00:00.000000000.nc,2021-08-11 06:00:00,2021-08-11 06:00:00,2021,2256,0.0,1480,0.03613104828865778,/share/prj-4d/graphcast_shared/data/graphcast_activation_2021/layer0008_mesh_gnn_post_res_nodes_mesh_nodes_t2021-08-11T06.npy
2021-08-13T20:00:00.000000000.nc,2021-08-13 20:00:00,2021-08-13 18:00:00,2021,2266,2.0,2890,0.07055319564474391,/share/prj-4d/graphcast_shared/data/graphcast_activation_2021/layer0008_mesh_gnn_post_res_nodes_mesh_nodes_t2021-08-13T18.npy
2021-08-17T07:00:00.000000000.nc,2021-08-17 07:00:00,2021-08-17 06:00:00,2021,2280,1.0,1029,0.02512084370880328,/share/prj-4d/graphcast_shared/data/graphcast_activation_2021/layer0008_mesh_gnn_post_res_nodes_mesh_nodes_t2021-08-17T06.npy
2021-08-18T16:00:00.000000000.nc,2021-08-18 16:00:00,2021-08-18 18:00:00,2021,2286,2.0,2221,0.05422098530345198,/share/prj-4d/graphcast_shared/data/graphcast_activation_2021/layer0008_mesh_gnn_post_res_nodes_mesh_nodes_t2021-08-18T18.npy
2021-08-21T09:00:00.000000000.nc,2021-08-21 09:00:00,2021-08-21 06:00:00,2021,2296,3.0,931,0.02272838240320297,/share/prj-4d/graphcast_shared/data/graphcast_activation_2021/layer0008_mesh_gnn_post_res_nodes_mesh_nodes_t2021-08-21T06.npy
2021-08-22T15:00:00.000000000.nc,2021-08-22 15:00:00,2021-08-22 12:00:00,2021,2301,3.0,1390,0.03393388994677994,/share/prj-4d/graphcast_shared/data/graphcast_activation_2021/layer0008_mesh_gnn_post_res_nodes_mesh_nodes_t2021-08-22T12.npy
2021-08-25T12:00:00.000000000.nc,2021-08-25 12:00:00,2021-08-25 12:00:00,2021,2313,0.0,1658,0.04047653923148284,/share/prj-4d/graphcast_shared/data/graphcast_activation_2021/layer0008_mesh_gnn_post_res_nodes_mesh_nodes_t2021-08-25T12.npy
2021-08-27T03:00:00.000000000.nc,2021-08-27 03:00:00,2021-08-27 00:00:00,2021,2319,3.0,1663,0.04059860358380939,/share/prj-4d/graphcast_shared/data/graphcast_activation_2021/layer0008_mesh_gnn_post_res_nodes_mesh_nodes_t2021-08-27T00.npy
2021-09-01T12:00:00.000000000.nc,2021-09-01 12:00:00,2021-09-01 12:00:00,2021,2341,0.0,2470,0.060299790049313996,/share/prj-4d/graphcast_shared/data/graphcast_activation_2021/layer0008_mesh_gnn_post_res_nodes_mesh_nodes_t2021-09-01T12.npy
2021-09-02T19:00:00.000000000.nc,2021-09-02 19:00:00,2021-09-02 18:00:00,2021,2346,1.0,1985,0.04845954787363898,/share/prj-4d/graphcast_shared/data/graphcast_activation_2021/layer0008_mesh_gnn_post_res_nodes_mesh_nodes_t2021-09-02T18.npy
2021-09-06T20:00:00.000000000.nc,2021-09-06 20:00:00,2021-09-06 18:00:00,2021,2362,2.0,1665,0.040647429324740005,/share/prj-4d/graphcast_shared/data/graphcast_activation_2021/layer0008_mesh_gnn_post_res_nodes_mesh_nodes_t2021-09-06T18.npy
2021-09-10T03:00:00.000000000.nc,2021-09-10 03:00:00,2021-09-10 00:00:00,2021,2375,3.0,2518,0.061471607831648845,/share/prj-4d/graphcast_shared/data/graphcast_activation_2021/layer0008_mesh_gnn_post_res_nodes_mesh_nodes_t2021-09-10T00.npy
2021-09-10T17:00:00.000000000.nc,2021-09-10 17:00:00,2021-09-10 18:00:00,2021,2378,1.0,2621,0.0639861334895757,/share/prj-4d/graphcast_shared/data/graphcast_activation_2021/layer0008_mesh_gnn_post_res_nodes_mesh_nodes_t2021-09-10T18.npy
2021-09-12T04:00:00.000000000.nc,2021-09-12 04:00:00,2021-09-12 06:00:00,2021,2384,2.0,1856,0.04531028758361408,/share/prj-4d/graphcast_shared/data/graphcast_activation_2021/layer0008_mesh_gnn_post_res_nodes_mesh_nodes_t2021-09-12T06.npy
2021-09-13T15:00:00.000000000.nc,2021-09-13 15:00:00,2021-09-13 12:00:00,2021,2389,3.0,1268,0.030955519750012206,/share/prj-4d/graphcast_shared/data/graphcast_activation_2021/layer0008_mesh_gnn_post_res_nodes_mesh_nodes_t2021-09-13T12.npy
2021-09-19T06:00:00.000000000.nc,2021-09-19 06:00:00,2021-09-19 06:00:00,2021,2412,0.0,1980,0.04833748352131244,/share/prj-4d/graphcast_shared/data/graphcast_activation_2021/layer0008_mesh_gnn_post_res_nodes_mesh_nodes_t2021-09-19T06.npy
2021-09-23T10:00:00.000000000.nc,2021-09-23 10:00:00,2021-09-23 12:00:00,2021,2429,2.0,1669,0.04074508080660124,/share/prj-4d/graphcast_shared/data/graphcast_activation_2021/layer0008_mesh_gnn_post_res_nodes_mesh_nodes_t2021-09-23T12.npy
2021-09-24T12:00:00.000000000.nc,2021-09-24 12:00:00,2021-09-24 12:00:00,2021,2433,0.0,1577,0.038499096723792786,/share/prj-4d/graphcast_shared/data/graphcast_activation_2021/layer0008_mesh_gnn_post_res_nodes_mesh_nodes_t2021-09-24T12.npy
2021-09-25T02:00:00.000000000.nc,2021-09-25 02:00:00,2021-09-25 00:00:00,2021,2435,2.0,1626,0.03969532737659294,/share/prj-4d/graphcast_shared/data/graphcast_activation_2021/layer0008_mesh_gnn_post_res_nodes_mesh_nodes_t2021-09-25T00.npy
2021-09-25T06:00:00.000000000.nc,2021-09-25 06:00:00,2021-09-25 06:00:00,2021,2436,0.0,1937,0.04728773009130414,/share/prj-4d/graphcast_shared/data/graphcast_activation_2021/layer0008_mesh_gnn_post_res_nodes_mesh_nodes_t2021-09-25T06.npy
2021-09-26T14:00:00.000000000.nc,2021-09-26 14:00:00,2021-09-26 12:00:00,2021,2441,2.0,1383,0.033762999853522775,/share/prj-4d/graphcast_shared/data/graphcast_activation_2021/layer0008_mesh_gnn_post_res_nodes_mesh_nodes_t2021-09-26T12.npy
2021-10-01T23:00:00.000000000.nc,2021-10-01 23:00:00,2021-10-02 00:00:00,2021,2463,1.0,1411,0.03444656022655144,/share/prj-4d/graphcast_shared/data/graphcast_activation_2021/layer0008_mesh_gnn_post_res_nodes_mesh_nodes_t2021-10-02T00.npy
2021-10-02T11:00:00.000000000.nc,2021-10-02 11:00:00,2021-10-02 12:00:00,2021,2465,1.0,1748,0.042673697573360675,/share/prj-4d/graphcast_shared/data/graphcast_activation_2021/layer0008_mesh_gnn_post_res_nodes_mesh_nodes_t2021-10-02T12.npy
2021-10-03T01:00:00.000000000.nc,2021-10-03 01:00:00,2021-10-03 00:00:00,2021,2467,1.0,878,0.021434500268541577,/share/prj-4d/graphcast_shared/data/graphcast_activation_2021/layer0008_mesh_gnn_post_res_nodes_mesh_nodes_t2021-10-03T00.npy
2021-10-03T10:00:00.000000000.nc,2021-10-03 10:00:00,2021-10-03 12:00:00,2021,2469,2.0,1372,0.033494458278404374,/share/prj-4d/graphcast_shared/data/graphcast_activation_2021/layer0008_mesh_gnn_post_res_nodes_mesh_nodes_t2021-10-03T12.npy
2021-10-04T13:00:00.000000000.nc,2021-10-04 13:00:00,2021-10-04 12:00:00,2021,2473,1.0,1676,0.040915970899858406,/share/prj-4d/graphcast_shared/data/graphcast_activation_2021/layer0008_mesh_gnn_post_res_nodes_mesh_nodes_t2021-10-04T12.npy
2021-10-05T02:00:00.000000000.nc,2021-10-05 02:00:00,2021-10-05 00:00:00,2021,2475,2.0,1973,0.04816659342805527,/share/prj-4d/graphcast_shared/data/graphcast_activation_2021/layer0008_mesh_gnn_post_res_nodes_mesh_nodes_t2021-10-05T00.npy
2021-10-10T08:00:00.000000000.nc,2021-10-10 08:00:00,2021-10-10 06:00:00,2021,2496,2.0,1762,0.04301547775987501,/share/prj-4d/graphcast_shared/data/graphcast_activation_2021/layer0008_mesh_gnn_post_res_nodes_mesh_nodes_t2021-10-10T06.npy
2021-10-12T03:00:00.000000000.nc,2021-10-12 03:00:00,2021-10-12 00:00:00,2021,2503,3.0,969,0.02365607148088472,/share/prj-4d/graphcast_shared/data/graphcast_activation_2021/layer0008_mesh_gnn_post_res_nodes_mesh_nodes_t2021-10-12T00.npy
2021-10-13T10:00:00.000000000.nc,2021-10-13 10:00:00,2021-10-13 12:00:00,2021,2509,2.0,2049,0.05002197158341878,/share/prj-4d/graphcast_shared/data/graphcast_activation_2021/layer0008_mesh_gnn_post_res_nodes_mesh_nodes_t2021-10-13T12.npy
2021-10-14T22:00:00.000000000.nc,2021-10-14 22:00:00,2021-10-15 00:00:00,2021,2515,2.0,2514,0.06137395634978761,/share/prj-4d/graphcast_shared/data/graphcast_activation_2021/layer0008_mesh_gnn_post_res_nodes_mesh_nodes_t2021-10-15T00.npy
2021-10-17T10:00:00.000000000.nc,2021-10-17 10:00:00,2021-10-17 12:00:00,2021,2525,2.0,800,0.019530296372247447,/share/prj-4d/graphcast_shared/data/graphcast_activation_2021/layer0008_mesh_gnn_post_res_nodes_mesh_nodes_t2021-10-17T12.npy
2021-10-25T02:00:00.000000000.nc,2021-10-25 02:00:00,2021-10-25 00:00:00,2021,2555,2.0,1288,0.03144377715931839,/share/prj-4d/graphcast_shared/data/graphcast_activation_2021/layer0008_mesh_gnn_post_res_nodes_mesh_nodes_t2021-10-25T00.npy
2021-10-25T14:00:00.000000000.nc,2021-10-25 14:00:00,2021-10-25 12:00:00,2021,2557,2.0,2334,0.05697963966603193,/share/prj-4d/graphcast_shared/data/graphcast_activation_2021/layer0008_mesh_gnn_post_res_nodes_mesh_nodes_t2021-10-25T12.npy
2021-10-27T05:00:00.000000000.nc,2021-10-27 05:00:00,2021-10-27 06:00:00,2021,2564,1.0,2875,0.07018700258776427,/share/prj-4d/graphcast_shared/data/graphcast_activation_2021/layer0008_mesh_gnn_post_res_nodes_mesh_nodes_t2021-10-27T06.npy
2021-10-28T03:00:00.000000000.nc,2021-10-28 03:00:00,2021-10-28 00:00:00,2021,2567,3.0,1539,0.03757140764611103,/share/prj-4d/graphcast_shared/data/graphcast_activation_2021/layer0008_mesh_gnn_post_res_nodes_mesh_nodes_t2021-10-28T00.npy
2021-10-28T05:00:00.000000000.nc,2021-10-28 05:00:00,2021-10-28 06:00:00,2021,2568,1.0,2137,0.052170304184365995,/share/prj-4d/graphcast_shared/data/graphcast_activation_2021/layer0008_mesh_gnn_post_res_nodes_mesh_nodes_t2021-10-28T06.npy
2021-10-30T07:00:00.000000000.nc,2021-10-30 07:00:00,2021-10-30 06:00:00,2021,2576,1.0,2816,0.06874664323031102,/share/prj-4d/graphcast_shared/data/graphcast_activation_2021/layer0008_mesh_gnn_post_res_nodes_mesh_nodes_t2021-10-30T06.npy
2021-11-01T05:00:00.000000000.nc,2021-11-01 05:00:00,2021-11-01 06:00:00,2021,2584,1.0,1710,0.04174600849567892,/share/prj-4d/graphcast_shared/data/graphcast_activation_2021/layer0008_mesh_gnn_post_res_nodes_mesh_nodes_t2021-11-01T06.npy
2021-11-03T00:00:00.000000000.nc,2021-11-03 00:00:00,2021-11-03 00:00:00,2021,2591,0.0,1499,0.03659489282749866,/share/prj-4d/graphcast_shared/data/graphcast_activation_2021/layer0008_mesh_gnn_post_res_nodes_mesh_nodes_t2021-11-03T00.npy
2021-11-05T17:00:00.000000000.nc,2021-11-05 17:00:00,2021-11-05 18:00:00,2021,2602,1.0,2044,0.04989990723109223,/share/prj-4d/graphcast_shared/data/graphcast_activation_2021/layer0008_mesh_gnn_post_res_nodes_mesh_nodes_t2021-11-05T18.npy
2021-11-06T16:00:00.000000000.nc,2021-11-06 16:00:00,2021-11-06 18:00:00,2021,2606,2.0,2860,0.06982080953078464,/share/prj-4d/graphcast_shared/data/graphcast_activation_2021/layer0008_mesh_gnn_post_res_nodes_mesh_nodes_t2021-11-06T18.npy
2021-11-07T19:00:00.000000000.nc,2021-11-07 19:00:00,2021-11-07 18:00:00,2021,2610,1.0,1121,0.027366827791611738,/share/prj-4d/graphcast_shared/data/graphcast_activation_2021/layer0008_mesh_gnn_post_res_nodes_mesh_nodes_t2021-11-07T18.npy
2021-11-08T03:00:00.000000000.nc,2021-11-08 03:00:00,2021-11-08 00:00:00,2021,2611,3.0,1665,0.040647429324740005,/share/prj-4d/graphcast_shared/data/graphcast_activation_2021/layer0008_mesh_gnn_post_res_nodes_mesh_nodes_t2021-11-08T00.npy
2021-11-10T22:00:00.000000000.nc,2021-11-10 22:00:00,2021-11-11 00:00:00,2021,2623,2.0,2629,0.06418143645329819,/share/prj-4d/graphcast_shared/data/graphcast_activation_2021/layer0008_mesh_gnn_post_res_nodes_mesh_nodes_t2021-11-11T00.npy
2021-11-11T21:00:00.000000000.nc,2021-11-11 21:00:00,2021-11-11 18:00:00,2021,2626,3.0,1321,0.0322494018846736,/share/prj-4d/graphcast_shared/data/graphcast_activation_2021/layer0008_mesh_gnn_post_res_nodes_mesh_nodes_t2021-11-11T18.npy
2021-11-16T15:00:00.000000000.nc,2021-11-16 15:00:00,2021-11-16 12:00:00,2021,2645,3.0,852,0.020799765636443535,/share/prj-4d/graphcast_shared/data/graphcast_activation_2021/layer0008_mesh_gnn_post_res_nodes_mesh_nodes_t2021-11-16T12.npy
2021-11-18T17:00:00.000000000.nc,2021-11-18 17:00:00,2021-11-18 18:00:00,2021,2654,1.0,2465,0.060177725696987455,/share/prj-4d/graphcast_shared/data/graphcast_activation_2021/layer0008_mesh_gnn_post_res_nodes_mesh_nodes_t2021-11-18T18.npy
2021-11-30T22:00:00.000000000.nc,2021-11-30 22:00:00,2021-12-01 00:00:00,2021,2697,2.0,741,0.0180899370147942,/share/prj-4d/graphcast_shared/data/graphcast_activation_2021/layer0008_mesh_gnn_post_res_nodes_mesh_nodes_t2021-12-01T00.npy
2021-12-01T02:00:00.000000000.nc,2021-12-01 02:00:00,2021-12-01 00:00:00,2021,2697,2.0,1256,0.030662565304428496,/share/prj-4d/graphcast_shared/data/graphcast_activation_2021/layer0008_mesh_gnn_post_res_nodes_mesh_nodes_t2021-12-01T00.npy
2021-12-02T06:00:00.000000000.nc,2021-12-02 06:00:00,2021-12-02 06:00:00,2021,2702,0.0,1168,0.028514232703481274,/share/prj-4d/graphcast_shared/data/graphcast_activation_2021/layer0008_mesh_gnn_post_res_nodes_mesh_nodes_t2021-12-02T06.npy
2021-12-02T22:00:00.000000000.nc,2021-12-02 22:00:00,2021-12-03 00:00:00,2021,2705,2.0,1770,0.04321078072359748,/share/prj-4d/graphcast_shared/data/graphcast_activation_2021/layer0008_mesh_gnn_post_res_nodes_mesh_nodes_t2021-12-03T00.npy
2021-12-05T01:00:00.000000000.nc,2021-12-05 01:00:00,2021-12-05 00:00:00,2021,2713,1.0,1085,0.026487964454860603,/share/prj-4d/graphcast_shared/data/graphcast_activation_2021/layer0008_mesh_gnn_post_res_nodes_mesh_nodes_t2021-12-05T00.npy
2021-12-05T03:00:00.000000000.nc,2021-12-05 03:00:00,2021-12-05 00:00:00,2021,2713,3.0,2281,0.05568575753137054,/share/prj-4d/graphcast_shared/data/graphcast_activation_2021/layer0008_mesh_gnn_post_res_nodes_mesh_nodes_t2021-12-05T00.npy
2021-12-07T05:00:00.000000000.nc,2021-12-07 05:00:00,2021-12-07 06:00:00,2021,2722,1.0,1475,0.036008983936331236,/share/prj-4d/graphcast_shared/data/graphcast_activation_2021/layer0008_mesh_gnn_post_res_nodes_mesh_nodes_t2021-12-07T06.npy
2021-12-13T00:00:00.000000000.nc,2021-12-13 00:00:00,2021-12-13 00:00:00,2021,2745,0.0,748,0.018260827108051363,/share/prj-4d/graphcast_shared/data/graphcast_activation_2021/layer0008_mesh_gnn_post_res_nodes_mesh_nodes_t2021-12-13T00.npy
2021-12-17T00:00:00.000000000.nc,2021-12-17 00:00:00,2021-12-17 00:00:00,2021,2761,0.0,1877,0.045822957863385576,/share/prj-4d/graphcast_shared/data/graphcast_activation_2021/layer0008_mesh_gnn_post_res_nodes_mesh_nodes_t2021-12-17T00.npy
2021-12-19T06:00:00.000000000.nc,2021-12-19 06:00:00,2021-12-19 06:00:00,2021,2770,0.0,2502,0.061081001904203895,/share/prj-4d/graphcast_shared/data/graphcast_activation_2021/layer0008_mesh_gnn_post_res_nodes_mesh_nodes_t2021-12-19T06.npy
2021-12-20T16:00:00.000000000.nc,2021-12-20 16:00:00,2021-12-20 18:00:00,2021,2776,2.0,2602,0.06352228895073483,/share/prj-4d/graphcast_shared/data/graphcast_activation_2021/layer0008_mesh_gnn_post_res_nodes_mesh_nodes_t2021-12-20T18.npy
2021-12-21T00:00:00.000000000.nc,2021-12-21 00:00:00,2021-12-21 00:00:00,2021,2777,0.0,1169,0.028538645573946586,/share/prj-4d/graphcast_shared/data/graphcast_activation_2021/layer0008_mesh_gnn_post_res_nodes_mesh_nodes_t2021-12-21T00.npy
2021-12-23T22:00:00.000000000.nc,2021-12-23 22:00:00,2021-12-24 00:00:00,2021,2789,2.0,2626,0.06410819784190225,/share/prj-4d/graphcast_shared/data/graphcast_activation_2021/layer0008_mesh_gnn_post_res_nodes_mesh_nodes_t2021-12-24T00.npy
2021-12-27T09:00:00.000000000.nc,2021-12-27 09:00:00,2021-12-27 06:00:00,2021,2802,3.0,1935,0.04723890435037352,/share/prj-4d/graphcast_shared/data/graphcast_activation_2021/layer0008_mesh_gnn_post_res_nodes_mesh_nodes_t2021-12-27T06.npy
2021-12-27T12:00:00.000000000.nc,2021-12-27 12:00:00,2021-12-27 12:00:00,2021,2803,0.0,1036,0.025291733802060446,/share/prj-4d/graphcast_shared/data/graphcast_activation_2021/layer0008_mesh_gnn_post_res_nodes_mesh_nodes_t2021-12-27T12.npy
2021-12-30T02:00:00.000000000.nc,2021-12-30 02:00:00,2021-12-30 00:00:00,2021,2813,2.0,1775,0.043332845075924026,/share/prj-4d/graphcast_shared/data/graphcast_activation_2021/layer0008_mesh_gnn_post_res_nodes_mesh_nodes_t2021-12-30T00.npy
2021-12-30T13:00:00.000000000.nc,2021-12-30 13:00:00,2021-12-30 12:00:00,2021,2815,1.0,1751,0.042746936184756605,/share/prj-4d/graphcast_shared/data/graphcast_activation_2021/layer0008_mesh_gnn_post_res_nodes_mesh_nodes_t2021-12-30T12.npy
2021-12-31T04:00:00.000000000.nc,2021-12-31 04:00:00,2021-12-31 06:00:00,2021,2818,2.0,2363,0.057687612909525905,/share/prj-4d/graphcast_shared/data/graphcast_activation_2021/layer0008_mesh_gnn_post_res_nodes_mesh_nodes_t2021-12-31T06.npy
